,label,route,calculated_day,date,hr,weekday,105,100,111,103,116,101,121,106,113,precipitation
0,100.32,B_1,236,7-19,8,1,9.364444444444445,5.681111111111111,52.822500000000005,2.5058333333333334,17.07,7.97,11.19,1.4249999999999998,13.260000000000002,0.0
1,212.31,B_1,237,7-20,8,2,12.67076923076923,9.592307692307694,36.14947368421053,11.691052631578946,25.23714285714286,8.25,16.365714285714283,1.695714285714286,20.204285714285714,0.0
2,129.945,B_1,238,7-21,8,3,7.868181818181818,6.561818181818182,31.747142857142855,12.790000000000001,13.14,6.726666666666667,10.238333333333335,1.6766666666666665,31.285,0.0
3,118.61666666666667,B_1,240,7-23,8,5,11.37,6.97,29.68,10.785909090909092,15.538333333333332,7.368333333333333,10.88,1.4816666666666665,24.261666666666663,0.0
4,118.785,B_1,241,7-24,8,6,9.719999999999999,7.482857142857142,32.623,8.675,16.613999999999997,7.774,11.027999999999999,1.4440000000000002,14.731999999999998,0.0
5,101.21666666666665,B_1,242,7-25,8,0,9.59764705882353,6.427647058823529,55.417692307692306,10.036923076923078,16.811,8.079,14.512999999999998,1.3019999999999998,16.872,0.0
6,179.0,B_1,244,7-27,8,2,9.028,5.977999999999999,26.102307692307697,10.407692307692308,20.075,8.8725,12.64,1.6324999999999998,38.2525,0.0
7,23.1,B_1,245,7-28,8,3,11.944999999999999,9.546666666666669,27.442,3.344,20.61,10.0,20.427500000000006,1.9575,20.435,0.0
8,142.26,B_1,246,7-29,8,4,12.888181818181819,7.539090909090908,27.93,13.423076923076922,28.05,13.089999999999998,34.17,1.37,13.039999999999997,0.0
9,102.365,B_1,247,7-30,8,5,9.243846153846153,5.806153846153846,22.54222222222222,7.840555555555556,22.142857142857142,19.41714285714286,16.119999999999997,1.7271428571428573,36.861428571428576,0.0
10,88.32,B_1,248,7-31,8,6,9.585555555555556,6.757777777777778,25.010000000000005,2.2859999999999996,18.182,8.235,15.344,1.5509999999999997,23.092,0.0
11,97.94333333333334,B_1,250,8-2,8,1,11.58,6.13,26.558571428571426,4.007142857142857,13.117142857142856,6.178571428571429,14.772857142857147,1.3814285714285715,23.090000000000003,0.0
12,101.25,B_1,251,8-3,8,2,11.07,6.845000000000001,20.82714285714286,11.895714285714284,15.50285714285714,6.248571428571429,9.54,1.162857142857143,16.28142857142857,0.0
13,102.785,B_1,252,8-4,8,3,12.790833333333333,6.528333333333332,34.19421052631579,11.743157894736843,14.871999999999996,36.722,13.786000000000001,1.1280000000000001,22.814000000000007,0.0
14,112.445,B_1,253,8-5,8,4,10.695000000000002,7.461666666666667,19.503076923076925,3.4784615384615383,14.854444444444445,6.512222222222223,18.692222222222224,1.4833333333333334,21.564444444444444,0.0
15,98.24333333333334,B_1,254,8-6,8,5,12.605714285714285,8.69142857142857,30.799375,2.600625,21.84222222222222,13.65111111111111,22.03333333333333,2.9088888888888884,22.878888888888888,2.0
16,139.975,B_1,255,8-7,8,6,9.07,7.815000000000001,23.165714285714284,2.4892857142857148,18.81833333333333,9.055000000000001,15.90166666666667,20.476666666666663,73.70499999999998,0.0
17,97.14666666666666,B_1,256,8-8,8,0,9.702142857142855,7.5442857142857145,52.787619047619046,12.370952380952382,19.41714285714286,9.334285714285715,11.03142857142857,1.7157142857142855,18.450000000000003,0.0
18,150.67,B_1,257,8-9,8,1,22.55125,6.3075,50.1025,9.025,24.650000000000002,10.540000000000001,30.693333333333335,1.526666666666667,35.6,0.0
19,125.05,B_1,258,8-10,8,2,14.99375,10.155000000000001,45.02,6.865454545454544,15.283333333333331,6.6466666666666665,9.173333333333334,1.166666666666667,11.193333333333333,0.0
20,154.85,B_1,259,8-11,8,3,11.797000000000002,8.157,37.7075,11.254999999999999,21.765,11.045000000000002,79.31,1.465,37.72500000000001,0.0
21,121.88,B_1,260,8-12,8,4,11.123333333333333,8.528333333333332,19.926666666666666,6.745555555555555,25.2125,11.727499999999996,19.872500000000002,3.005000000000001,28.715000000000007,0.0
22,129.78333333333333,B_1,261,8-13,8,5,12.491333333333332,5.905333333333333,23.939444444444444,10.050555555555556,12.7075,5.660000000000002,10.0375,1.1125,13.722499999999997,0.0
23,110.7,B_1,262,8-14,8,6,12.869090909090911,9.010909090909092,21.734444444444446,5.420000000000001,16.84090909090909,6.898181818181818,19.38818181818182,3.008181818181818,34.58909090909091,0.0
24,100.49000000000001,B_1,263,8-15,8,0,9.30888888888889,7.165555555555556,42.047,9.161000000000001,19.133333333333336,7.43,24.076666666666668,1.3033333333333328,29.91,0.0
25,149.225,B_1,265,8-17,8,2,10.888181818181819,6.421818181818182,39.24923076923077,10.586153846153847,17.74,8.426666666666666,11.886666666666667,1.5166666666666668,36.67666666666667,0.0
26,104.58,B_1,266,8-18,8,3,9.836666666666668,7.127777777777777,21.643333333333334,4.65,18.1,7.039999999999999,10.86,1.5550000000000002,31.495000000000005,0.0
27,106.83500000000001,B_1,268,8-20,8,5,11.115000000000004,6.43375,20.388888888888886,5.57111111111111,15.864999999999998,8.02,11.96,1.52,82.31500000000001,0.0
28,159.255,B_1,269,8-21,8,6,8.15,5.8975,28.26666666666667,6.014444444444445,25.48,11.549999999999997,15.850000000000003,2.1166666666666667,27.163333333333334,0.0
29,81.66,B_1,272,8-24,8,2,15.971000000000004,7.252999999999999,52.14583333333334,4.3758333333333335,14.170000000000002,6.800000000000002,30.310000000000002,1.6266666666666667,14.15,0.0
30,134.755,B_1,273,8-25,8,3,8.834285714285715,6.724285714285713,28.557142857142853,6.341428571428572,21.765,9.980000000000004,25.549999999999997,2.0500000000000003,68.18,0.0
31,139.025,B_1,275,8-27,8,5,9.095,6.906999999999999,30.745833333333337,6.590833333333333,15.55,7.669999999999996,14.300000000000002,1.8199999999999998,36.25,0.0
32,111.29500000000002,B_1,276,8-28,8,6,4.703333333333333,3.01,17.849999999999998,2.5999999999999996,11.73,6.409999999999999,9.21,1.16,11.17,0.0
33,102.02666666666666,B_1,280,9-1,8,3,18.095,6.7562500000000005,16.1475,3.8775000000000004,13.061875,7.045,39.4275,2.19125,17.513125,0.0
34,226.05999999999997,B_1,281,9-2,8,4,12.587142857142856,6.384285714285714,14.8755,8.198999999999998,13.10375,6.361875,39.1575,1.6268749999999998,22.096249999999998,0.0
35,134.22333333333333,B_1,282,9-3,8,5,12.410769230769231,7.934615384615384,19.7975,4.75375,15.239444444444441,12.109444444444446,22.256111111111114,1.5366666666666666,19.778333333333336,0.0
36,95.59666666666665,B_1,283,9-4,8,6,12.322500000000003,5.0075,14.989999999999998,12.546,17.8275,12.5275,19.9725,1.3199999999999998,11.325000000000001,0.0
37,92.46,B_1,284,9-5,8,0,8.79,5.286666666666666,12.406153846153849,9.430000000000001,17.192222222222224,15.238888888888887,15.610000000000001,1.5733333333333333,24.772222222222226,0.0
38,76.81,B_1,285,9-6,8,1,7.560000000000002,5.54,16.342000000000002,7.319999999999999,17.740000000000002,16.995000000000005,19.3225,1.3624999999999998,32.8,0.0
39,101.48,B_1,286,9-7,8,2,8.508333333333331,5.654166666666667,18.588,7.380500000000001,16.9125,10.5175,19.913333333333334,3.355833333333333,21.985833333333336,0.0
40,115.11500000000001,B_1,287,9-8,8,3,8.882,5.794999999999999,21.696428571428573,6.839285714285714,17.154999999999998,7.261666666666667,26.634166666666665,1.3866666666666665,17.610833333333336,0.0
41,110.97666666666667,B_1,288,9-9,8,4,9.78230769230769,5.614999999999999,46.82928571428572,3.8707142857142856,19.24666666666667,10.02,16.753333333333334,1.9549999999999996,21.525,0.0
42,123.7,B_1,289,9-10,8,5,11.8215,7.7075,35.4788,6.53,16.058333333333334,8.514999999999997,16.665000000000003,7.463333333333334,18.969999999999995,0.0
43,134.655,B_1,290,9-11,8,6,11.791904761904762,7.764285714285714,23.959032258064514,4.017741935483871,15.043529411764707,8.605882352941176,23.855882352941173,4.544705882352941,21.62176470588235,0.0
44,146.04,B_1,291,9-12,8,0,127.91099999999999,68.93099999999998,30.95470588235294,6.985882352941177,21.73714285714286,13.344285714285713,30.83857142857143,1.861428571428571,25.692857142857143,0.0
45,119.07666666666667,B_1,292,9-13,8,1,14.341538461538462,8.788461538461538,33.47190476190476,7.696190476190477,19.135454545454547,8.60090909090909,22.354545454545455,4.244545454545455,47.228181818181824,0.0
46,136.39666666666668,B_1,293,9-14,8,2,11.902499999999998,7.1499999999999995,30.854,3.988666666666666,18.838,7.315999999999999,16.22,1.276,22.225999999999996,0.8
47,121.46666666666665,B_1,297,9-18,8,6,10.235,6.839999999999999,29.01,7.908461538461539,15.437999999999999,8.036,13.068000000000001,1.868,22.321999999999996,0.0
48,132.92999999999998,B_1,298,9-19,8,0,11.371333333333332,7.312666666666668,23.944444444444443,2.895925925925926,14.66263157894737,7.6057894736842115,16.912105263157894,2.725263157894737,21.696315789473687,0.0
49,163.84333333333333,B_1,299,9-20,8,1,19.599000000000004,5.769999999999999,28.395999999999997,8.526666666666666,30.55666666666666,7.303333333333333,11.691666666666666,1.5466666666666666,18.268333333333334,0.0
50,96.41,B_1,300,9-21,8,2,9.513636363636364,5.466363636363638,23.21833333333333,7.7524999999999995,16.70384615384615,8.202307692307693,26.141538461538463,2.1515384615384616,17.069230769230767,0.0
51,128.30666666666667,B_1,301,9-22,8,3,12.58,8.07,30.706,3.6390000000000002,20.601999999999997,8.865000000000002,18.331,1.4690000000000003,24.406,0.0
52,133.49333333333334,B_1,302,9-23,8,4,14.665,9.026842105263157,30.30481481481482,8.705555555555554,17.560666666666666,7.33,24.970000000000002,1.526,18.34266666666667,0.0
53,136.54333333333332,B_1,303,9-24,8,5,11.327333333333334,8.877857142857144,24.54782608695652,4.044782608695653,14.963333333333333,7.350833333333333,32.14166666666667,1.825833333333333,27.392500000000002,0.0
54,110.89999999999999,B_1,304,9-25,8,6,13.31,7.833636363636363,21.438823529411764,10.06235294117647,14.715714285714284,6.952857142857145,15.467142857142857,5.592857142857144,18.249999999999996,0.0
55,148.85666666666668,B_1,305,9-26,8,0,9.321176470588235,6.0717647058823525,29.57192307692308,3.1815384615384614,13.648571428571428,8.415,11.773333333333333,1.5716666666666665,24.09714285714286,0.0
56,136.73666666666665,B_1,306,9-27,8,1,10.247333333333332,6.238666666666667,25.97772727272727,3.2842857142857147,16.067777777777778,11.394000000000002,15.306999999999999,1.32,23.511999999999997,0.0
57,112.13,B_1,307,9-28,8,2,14.941818181818183,7.708181818181817,23.48611111111111,12.005263157894735,15.755,9.151,18.940999999999995,1.7499999999999998,26.941000000000006,5.5
58,120.66666666666667,B_1,308,9-29,8,3,26.553999999999995,15.838999999999999,21.687142857142856,12.254285714285714,16.535,7.8275000000000015,22.925,1.345,31.92,0.1
59,137.09333333333333,B_1,309,9-30,8,4,20.473529411764705,6.454375,28.329444444444444,23.68666666666667,16.118571428571432,8.305000000000001,21.703333333333333,1.4100000000000004,17.142857142857142,0.0
60,92.25,B_1,318,10-8,8,5,12.986923076923077,7.328461538461538,25.973333333333333,6.596666666666667,13.942499999999999,7.034,15.046,1.7099999999999997,24.004000000000005,0.0
61,151.785,B_1,319,10-9,8,6,10.122727272727275,8.17181818181818,26.15684210526316,3.3547368421052632,21.19909090909091,7.897272727272727,13.814545454545454,3.5636363636363644,22.283636363636365,0.0
62,96.21999999999998,B_1,320,10-10,8,0,11.006666666666666,7.645555555555556,14.798333333333334,8.608333333333334,15.593333333333334,7.798,21.561999999999998,2.018,24.934000000000005,0.0
63,100.41666666666667,B_1,321,10-11,8,1,14.218461538461542,7.5807692307692305,29.0205,8.777000000000001,17.665454545454544,7.747272727272727,19.469090909090905,1.789090909090909,21.976363636363637,0.0
64,135.85666666666665,B_1,322,10-12,8,2,11.054545454545453,7.773636363636363,30.74473684210526,5.176315789473684,18.67125,7.836666666666667,16.77333333333333,3.426666666666666,18.86888888888889,0.0
65,115.91333333333334,B_1,323,10-13,8,3,10.926250000000001,6.099999999999999,21.495161290322578,4.176129032258065,15.577647058823526,9.428235294117648,19.213529411764707,1.6500000000000001,33.78764705882353,0.0
66,117.92333333333333,B_1,324,10-14,8,4,12.486666666666665,6.815238095238095,23.2344,5.9736,17.285,8.594999999999999,18.8,2.6616666666666666,23.825000000000003,0.0
67,141.48,B_1,325,10-15,8,5,9.922692307692307,6.370384615384615,22.42078947368421,4.825263157894737,16.524285714285714,8.199523809523809,24.051904761904762,2.1595238095238094,20.37714285714286,0.1
68,117.93666666666667,B_1,326,10-16,8,6,13.106000000000002,6.161,25.741764705882353,3.2817647058823534,16.159166666666668,7.616666666666666,22.590833333333336,1.475833333333333,19.6425,0.0
69,112.87666666666667,B_1,327,10-17,8,0,12.62357142857143,7.147857142857142,26.85388888888889,4.57,14.144444444444446,9.267777777777779,15.584444444444445,6.207777777777778,20.97333333333333,0.0
70,140.72,B_1,236,7-19,9,1,9.364444444444445,5.681111111111111,52.822500000000005,2.5058333333333334,17.07,7.97,11.19,1.4249999999999998,13.260000000000002,0.0
71,140.65333333333334,B_1,237,7-20,9,2,12.67076923076923,9.592307692307694,36.14947368421053,11.691052631578946,25.23714285714286,8.25,16.365714285714283,1.695714285714286,20.204285714285714,0.0
72,153.79,B_1,238,7-21,9,3,7.868181818181818,6.561818181818182,31.747142857142855,12.790000000000001,13.14,6.726666666666667,10.238333333333335,1.6766666666666665,31.285,0.0
73,101.17333333333333,B_1,239,7-22,9,4,10.668000000000001,7.691999999999999,36.9764705882353,15.18470588235294,29.641999999999996,13.668,8.972,0.95,9.959999999999997,0.0
74,138.165,B_1,240,7-23,9,5,11.37,6.97,29.68,10.785909090909092,15.538333333333332,7.368333333333333,10.88,1.4816666666666665,24.261666666666663,0.0
75,101.75666666666666,B_1,241,7-24,9,6,9.719999999999999,7.482857142857142,32.623,8.675,16.613999999999997,7.774,11.027999999999999,1.4440000000000002,14.731999999999998,0.0
76,171.87666666666667,B_1,242,7-25,9,0,9.59764705882353,6.427647058823529,55.417692307692306,10.036923076923078,16.811,8.079,14.512999999999998,1.3019999999999998,16.872,0.0
77,117.52333333333333,B_1,243,7-26,9,1,7.5216666666666665,5.509166666666666,38.282,3.115333333333333,15.046666666666667,7.426666666666668,24.06,1.6699999999999997,36.24333333333333,0.0
78,102.28,B_1,244,7-27,9,2,9.028,5.977999999999999,26.102307692307697,10.407692307692308,20.075,8.8725,12.64,1.6324999999999998,38.2525,0.0
79,112.05,B_1,245,7-28,9,3,11.944999999999999,9.546666666666669,27.442,3.344,20.61,10.0,20.427500000000006,1.9575,20.435,0.0
80,91.42999999999999,B_1,246,7-29,9,4,12.888181818181819,7.539090909090908,27.93,13.423076923076922,28.05,13.089999999999998,34.17,1.37,13.039999999999997,0.0
81,148.56333333333336,B_1,247,7-30,9,5,9.243846153846153,5.806153846153846,22.54222222222222,7.840555555555556,22.142857142857142,19.41714285714286,16.119999999999997,1.7271428571428573,36.861428571428576,0.0
82,170.97,B_1,248,7-31,9,6,9.585555555555556,6.757777777777778,25.010000000000005,2.2859999999999996,18.182,8.235,15.344,1.5509999999999997,23.092,0.0
83,83.76,B_1,249,8-1,9,0,11.38642857142857,8.356428571428571,44.78444444444445,3.818333333333334,15.916,14.235999999999999,14.603999999999997,1.3679999999999999,12.434,0.0
84,99.99666666666667,B_1,250,8-2,9,1,11.58,6.13,26.558571428571426,4.007142857142857,13.117142857142856,6.178571428571429,14.772857142857147,1.3814285714285715,23.090000000000003,0.0
85,102.365,B_1,251,8-3,9,2,11.07,6.845000000000001,20.82714285714286,11.895714285714284,15.50285714285714,6.248571428571429,9.54,1.162857142857143,16.28142857142857,0.0
86,79.34666666666666,B_1,252,8-4,9,3,12.790833333333333,6.528333333333332,34.19421052631579,11.743157894736843,14.871999999999996,36.722,13.786000000000001,1.1280000000000001,22.814000000000007,0.7
87,82.39,B_1,253,8-5,9,4,10.695000000000002,7.461666666666667,19.503076923076925,3.4784615384615383,14.854444444444445,6.512222222222223,18.692222222222224,1.4833333333333334,21.564444444444444,0.0
88,191.03,B_1,254,8-6,9,5,12.605714285714285,8.69142857142857,30.799375,2.600625,21.84222222222222,13.65111111111111,22.03333333333333,2.9088888888888884,22.878888888888888,0.0
89,106.66333333333334,B_1,255,8-7,9,6,9.07,7.815000000000001,23.165714285714284,2.4892857142857148,18.81833333333333,9.055000000000001,15.90166666666667,20.476666666666663,73.70499999999998,0.0
90,92.21999999999998,B_1,256,8-8,9,0,9.702142857142855,7.5442857142857145,52.787619047619046,12.370952380952382,19.41714285714286,9.334285714285715,11.03142857142857,1.7157142857142855,18.450000000000003,0.0
91,202.19,B_1,257,8-9,9,1,22.55125,6.3075,50.1025,9.025,24.650000000000002,10.540000000000001,30.693333333333335,1.526666666666667,35.6,2.7
92,96.57333333333332,B_1,259,8-11,9,3,11.797000000000002,8.157,37.7075,11.254999999999999,21.765,11.045000000000002,79.31,1.465,37.72500000000001,0.0
93,107.735,B_1,260,8-12,9,4,11.123333333333333,8.528333333333332,19.926666666666666,6.745555555555555,25.2125,11.727499999999996,19.872500000000002,3.005000000000001,28.715000000000007,0.0
94,120.58,B_1,262,8-14,9,6,12.869090909090911,9.010909090909092,21.734444444444446,5.420000000000001,16.84090909090909,6.898181818181818,19.38818181818182,3.008181818181818,34.58909090909091,0.0
95,128.97,B_1,263,8-15,9,0,9.30888888888889,7.165555555555556,42.047,9.161000000000001,19.133333333333336,7.43,24.076666666666668,1.3033333333333328,29.91,0.0
96,82.22,B_1,264,8-16,9,1,7.650000000000001,5.83625,37.159,2.539,18.935,13.007500000000004,35.985,1.9749999999999999,32.20249999999999,0.0
97,113.65,B_1,265,8-17,9,2,10.888181818181819,6.421818181818182,39.24923076923077,10.586153846153847,17.74,8.426666666666666,11.886666666666667,1.5166666666666668,36.67666666666667,0.0
98,146.87,B_1,266,8-18,9,3,9.836666666666668,7.127777777777777,21.643333333333334,4.65,18.1,7.039999999999999,10.86,1.5550000000000002,31.495000000000005,0.0
99,75.67,B_1,267,8-19,9,4,9.408333333333331,5.8999999999999995,35.29714285714286,3.1999999999999997,21.11,13.243333333333334,26.633333333333336,1.5200000000000002,21.800000000000004,0.0
100,82.38,B_1,269,8-21,9,6,8.15,5.8975,28.26666666666667,6.014444444444445,25.48,11.549999999999997,15.850000000000003,2.1166666666666667,27.163333333333334,27.2
101,135.26,B_1,270,8-22,9,0,22.661428571428573,6.998571428571428,73.2942857142857,3.3385714285714285,19.8,15.139999999999997,23.320000000000004,5.95,47.15999999999999,0.0
102,110.02,B_1,271,8-23,9,1,8.984285714285715,6.2285714285714295,25.411428571428573,4.319999999999999,14.415,7.03,12.420000000000002,2.5,21.819999999999997,0.0
103,119.11500000000001,B_1,273,8-25,9,3,8.834285714285715,6.724285714285713,28.557142857142853,6.341428571428572,21.765,9.980000000000004,25.549999999999997,2.0500000000000003,68.18,0.0
104,132.37,B_1,275,8-27,9,5,9.095,6.906999999999999,30.745833333333337,6.590833333333333,15.55,7.669999999999996,14.300000000000002,1.8199999999999998,36.25,0.0
105,159.3,B_1,277,8-29,9,0,7.7525,5.2275,35.191428571428574,9.835714285714285,12.45,7.15,14.730000000000002,1.7950000000000002,14.504999999999997,0.0
106,133.71,B_1,279,8-31,9,2,7.9525000000000015,4.999999999999999,35.2725,9.319999999999999,18.305,7.5100000000000025,23.175,2.1850000000000005,25.810000000000002,0.0
107,111.35333333333334,B_1,280,9-1,9,3,18.095,6.7562500000000005,16.1475,3.8775000000000004,13.061875,7.045,39.4275,2.19125,17.513125,0.0
108,154.37,B_1,281,9-2,9,4,12.587142857142856,6.384285714285714,14.8755,8.198999999999998,13.10375,6.361875,39.1575,1.6268749999999998,22.096249999999998,0.0
109,114.52000000000001,B_1,282,9-3,9,5,12.410769230769231,7.934615384615384,19.7975,4.75375,15.239444444444441,12.109444444444446,22.256111111111114,1.5366666666666666,19.778333333333336,0.0
110,121.025,B_1,283,9-4,9,6,12.322500000000003,5.0075,14.989999999999998,12.546,17.8275,12.5275,19.9725,1.3199999999999998,11.325000000000001,0.0
111,91.56666666666668,B_1,284,9-5,9,0,8.79,5.286666666666666,12.406153846153849,9.430000000000001,17.192222222222224,15.238888888888887,15.610000000000001,1.5733333333333333,24.772222222222226,0.0
112,109.13,B_1,285,9-6,9,1,7.560000000000002,5.54,16.342000000000002,7.319999999999999,17.740000000000002,16.995000000000005,19.3225,1.3624999999999998,32.8,0.0
113,153.33,B_1,286,9-7,9,2,8.508333333333331,5.654166666666667,18.588,7.380500000000001,16.9125,10.5175,19.913333333333334,3.355833333333333,21.985833333333336,0.0
114,209.16,B_1,287,9-8,9,3,8.882,5.794999999999999,21.696428571428573,6.839285714285714,17.154999999999998,7.261666666666667,26.634166666666665,1.3866666666666665,17.610833333333336,0.0
115,120.89666666666666,B_1,288,9-9,9,4,9.78230769230769,5.614999999999999,46.82928571428572,3.8707142857142856,19.24666666666667,10.02,16.753333333333334,1.9549999999999996,21.525,0.0
116,130.55333333333334,B_1,289,9-10,9,5,11.8215,7.7075,35.4788,6.53,16.058333333333334,8.514999999999997,16.665000000000003,7.463333333333334,18.969999999999995,0.0
117,125.72000000000001,B_1,290,9-11,9,6,11.791904761904762,7.764285714285714,23.959032258064514,4.017741935483871,15.043529411764707,8.605882352941176,23.855882352941173,4.544705882352941,21.62176470588235,0.3
118,126.50999999999999,B_1,291,9-12,9,0,127.91099999999999,68.93099999999998,30.95470588235294,6.985882352941177,21.73714285714286,13.344285714285713,30.83857142857143,1.861428571428571,25.692857142857143,0.0
119,108.66333333333334,B_1,292,9-13,9,1,14.341538461538462,8.788461538461538,33.47190476190476,7.696190476190477,19.135454545454547,8.60090909090909,22.354545454545455,4.244545454545455,47.228181818181824,0.4
120,121.52,B_1,293,9-14,9,2,11.902499999999998,7.1499999999999995,30.854,3.988666666666666,18.838,7.315999999999999,16.22,1.276,22.225999999999996,0.5
121,104.15000000000002,B_1,297,9-18,9,6,10.235,6.839999999999999,29.01,7.908461538461539,15.437999999999999,8.036,13.068000000000001,1.868,22.321999999999996,0.0
122,125.35,B_1,298,9-19,9,0,11.371333333333332,7.312666666666668,23.944444444444443,2.895925925925926,14.66263157894737,7.6057894736842115,16.912105263157894,2.725263157894737,21.696315789473687,0.1
123,125.22333333333331,B_1,299,9-20,9,1,19.599000000000004,5.769999999999999,28.395999999999997,8.526666666666666,30.55666666666666,7.303333333333333,11.691666666666666,1.5466666666666666,18.268333333333334,0.0
124,127.10499999999999,B_1,300,9-21,9,2,9.513636363636364,5.466363636363638,23.21833333333333,7.7524999999999995,16.70384615384615,8.202307692307693,26.141538461538463,2.1515384615384616,17.069230769230767,0.0
125,118.0,B_1,301,9-22,9,3,12.58,8.07,30.706,3.6390000000000002,20.601999999999997,8.865000000000002,18.331,1.4690000000000003,24.406,0.0
126,127.50999999999999,B_1,302,9-23,9,4,14.665,9.026842105263157,30.30481481481482,8.705555555555554,17.560666666666666,7.33,24.970000000000002,1.526,18.34266666666667,0.0
127,122.89666666666669,B_1,303,9-24,9,5,11.327333333333334,8.877857142857144,24.54782608695652,4.044782608695653,14.963333333333333,7.350833333333333,32.14166666666667,1.825833333333333,27.392500000000002,0.0
128,122.06666666666666,B_1,304,9-25,9,6,13.31,7.833636363636363,21.438823529411764,10.06235294117647,14.715714285714284,6.952857142857145,15.467142857142857,5.592857142857144,18.249999999999996,0.0
129,140.395,B_1,305,9-26,9,0,9.321176470588235,6.0717647058823525,29.57192307692308,3.1815384615384614,13.648571428571428,8.415,11.773333333333333,1.5716666666666665,24.09714285714286,0.0
130,173.23666666666668,B_1,306,9-27,9,1,10.247333333333332,6.238666666666667,25.97772727272727,3.2842857142857147,16.067777777777778,11.394000000000002,15.306999999999999,1.32,23.511999999999997,0.0
131,121.33,B_1,307,9-28,9,2,14.941818181818183,7.708181818181817,23.48611111111111,12.005263157894735,15.755,9.151,18.940999999999995,1.7499999999999998,26.941000000000006,1.3
132,113.18,B_1,308,9-29,9,3,26.553999999999995,15.838999999999999,21.687142857142856,12.254285714285714,16.535,7.8275000000000015,22.925,1.345,31.92,1.4
133,119.15333333333332,B_1,309,9-30,9,4,20.473529411764705,6.454375,28.329444444444444,23.68666666666667,16.118571428571432,8.305000000000001,21.703333333333333,1.4100000000000004,17.142857142857142,0.0
134,104.57666666666665,B_1,318,10-8,9,5,12.986923076923077,7.328461538461538,25.973333333333333,6.596666666666667,13.942499999999999,7.034,15.046,1.7099999999999997,24.004000000000005,0.0
135,161.3033333333333,B_1,319,10-9,9,6,10.122727272727275,8.17181818181818,26.15684210526316,3.3547368421052632,21.19909090909091,7.897272727272727,13.814545454545454,3.5636363636363644,22.283636363636365,0.0
136,129.88333333333333,B_1,320,10-10,9,0,11.006666666666666,7.645555555555556,14.798333333333334,8.608333333333334,15.593333333333334,7.798,21.561999999999998,2.018,24.934000000000005,0.0
137,115.83666666666666,B_1,321,10-11,9,1,14.218461538461542,7.5807692307692305,29.0205,8.777000000000001,17.665454545454544,7.747272727272727,19.469090909090905,1.789090909090909,21.976363636363637,0.0
138,116.79,B_1,322,10-12,9,2,11.054545454545453,7.773636363636363,30.74473684210526,5.176315789473684,18.67125,7.836666666666667,16.77333333333333,3.426666666666666,18.86888888888889,0.0
139,127.89500000000001,B_1,323,10-13,9,3,10.926250000000001,6.099999999999999,21.495161290322578,4.176129032258065,15.577647058823526,9.428235294117648,19.213529411764707,1.6500000000000001,33.78764705882353,0.0
140,112.08,B_1,324,10-14,9,4,12.486666666666665,6.815238095238095,23.2344,5.9736,17.285,8.594999999999999,18.8,2.6616666666666666,23.825000000000003,0.0
141,129.89666666666668,B_1,325,10-15,9,5,9.922692307692307,6.370384615384615,22.42078947368421,4.825263157894737,16.524285714285714,8.199523809523809,24.051904761904762,2.1595238095238094,20.37714285714286,0.0
142,117.82333333333332,B_1,326,10-16,9,6,13.106000000000002,6.161,25.741764705882353,3.2817647058823534,16.159166666666668,7.616666666666666,22.590833333333336,1.475833333333333,19.6425,0.0
143,98.47666666666667,B_1,327,10-17,9,0,12.62357142857143,7.147857142857142,26.85388888888889,4.57,14.144444444444446,9.267777777777779,15.584444444444445,6.207777777777778,20.97333333333333,0.0
144,113.75,B_1,238,7-21,17,3,8.500769230769233,6.263076923076923,41.40944444444445,5.6033333333333335,18.871666666666666,8.898333333333335,12.555,1.6466666666666665,35.335,0.0
145,56.364999999999995,B_1,239,7-22,17,4,10.585,6.739999999999998,41.19869565217391,6.3756521739130445,21.022,9.222,12.952000000000002,1.6460000000000001,15.806,0.0
146,106.1,B_1,240,7-23,17,5,11.679374999999999,9.02125,51.73464285714286,7.9835714285714285,17.431428571428572,8.012857142857143,11.254285714285713,1.4728571428571426,19.722857142857144,0.0
147,116.39500000000001,B_1,241,7-24,17,6,15.54190476190476,14.619047619047619,34.82566666666667,8.725666666666667,11.81,5.510000000000001,7.743333333333333,47.44666666666668,6.91,0.0
148,170.39,B_1,242,7-25,17,0,13.19909090909091,9.417272727272726,48.98863636363637,3.745,17.192500000000003,8.28,12.93,1.8074999999999999,18.552499999999995,0.0
149,125.95,B_1,243,7-26,17,1,14.266315789473683,7.8178947368421055,30.834814814814816,10.76962962962963,27.42285714285714,6.058571428571429,8.912857142857144,1.17,21.20285714285714,0.0
150,92.1,B_1,244,7-27,17,2,11.195384615384615,6.92,35.39407407407408,4.557407407407408,24.146666666666665,6.755555555555556,8.787777777777777,1.1744444444444444,26.874444444444446,0.0
151,111.85000000000001,B_1,245,7-28,17,3,9.987777777777778,6.548888888888889,34.038387096774194,7.560645161290322,16.09777777777778,11.665555555555555,9.245555555555557,1.3066666666666666,21.396666666666665,0.0
152,91.36,B_1,246,7-29,17,4,13.425624999999998,9.16375,58.94391304347826,5.243043478260869,19.756,8.746,36.062,2.2439999999999998,34.474000000000004,0.0
153,98.28,B_1,249,8-1,17,0,10.43076923076923,6.477692307692307,19.490000000000002,8.881666666666668,15.475999999999999,7.545,10.785,1.497,24.862000000000005,0.0
154,131.66333333333333,B_1,250,8-2,17,1,7.97,7.212857142857143,45.8665,7.1705,16.326666666666668,7.726666666666668,11.246666666666666,1.4600000000000004,15.326666666666666,4.8
155,102.63,B_1,251,8-3,17,2,13.442307692307693,9.03076923076923,43.941500000000005,7.7645,19.759999999999998,10.435714285714287,17.779999999999998,1.9871428571428569,20.92714285714285,0.0
156,86.04,B_1,252,8-4,17,3,10.442,6.503500000000001,43.74133333333334,4.931666666666667,16.774,7.741999999999998,10.57,1.49,19.895999999999994,0.0
157,106.11,B_1,253,8-5,17,4,12.033636363636363,7.949090909090909,43.6809090909091,8.05,23.21,17.811249999999998,12.84125,1.5799999999999998,27.578750000000003,0.0
158,142.655,B_1,254,8-6,17,5,16.83,8.918125,51.14125000000001,4.934166666666666,20.77,8.364285714285716,14.651428571428571,1.29,25.93428571428571,0.0
159,119.69,B_1,255,8-7,17,6,10.089999999999996,6.264999999999998,27.56166666666667,3.710000000000001,24.942500000000003,34.114999999999995,11.089999999999998,1.4075,13.530000000000001,0.0
160,98.83,B_1,257,8-9,17,1,16.824642857142855,7.590714285714284,37.199374999999996,13.5146875,19.381428571428575,9.241428571428571,13.364285714285714,1.8685714285714288,47.888571428571424,0.0
161,19.48,B_1,258,8-10,17,2,15.283888888888889,7.5344444444444445,52.955200000000005,3.452,13.605714285714287,6.120000000000001,12.861428571428572,2.7828571428571434,30.10285714285715,0.0
162,178.0,B_1,259,8-11,17,3,11.332857142857142,7.866428571428571,41.79363636363636,12.075,16.018,7.458000000000001,20.202,1.434,23.115999999999996,0.0
163,193.61,B_1,260,8-12,17,4,8.682500000000001,5.928333333333332,39.78470588235294,9.842941176470589,17.02,8.280000000000001,32.22,1.1800000000000006,11.325000000000001,0.0
164,104.35,B_1,264,8-16,17,1,10.633333333333333,7.324444444444445,36.878571428571426,9.849285714285713,18.875,9.235000000000001,28.22,1.645,15.805000000000001,0.0
165,116.03,B_1,265,8-17,17,2,8.6875,6.568749999999999,43.908125,3.69875,16.045,7.704999999999999,10.94,1.575,25.889999999999997,0.0
166,122.72,B_1,266,8-18,17,3,8.48,5.643333333333333,29.43266666666667,10.574666666666667,14.215,7.379999999999999,10.215,1.2750000000000001,18.505,0.0
167,115.01,B_1,267,8-19,17,4,13.950833333333334,7.1016666666666675,35.43625,10.799375000000001,16.653333333333332,6.83,20.740000000000002,4.940000000000001,32.77,0.0
168,56.95,B_1,269,8-21,17,6,12.413636363636366,6.961818181818182,30.53944444444444,7.013333333333334,14.23,5.620000000000001,8.85,1.1499999999999997,23.860000000000003,0.0
169,82.42,B_1,272,8-24,17,2,20.305000000000003,7.881666666666667,27.341,3.6650000000000005,25.259999999999998,10.034999999999998,13.909999999999998,2.08,22.849999999999998,0.0
170,132.51999999999998,B_1,278,8-30,17,1,8.089999999999996,5.685999999999999,18.103333333333335,8.0,14.73,5.099999999999998,6.87,0.8699999999999999,8.39,0.0
171,83.28,B_1,279,8-31,17,2,6.615000000000002,5.614999999999999,11.715,2.225,17.85,8.330000000000004,11.92,3.5699999999999994,47.9,0.0
172,83.82,B_1,280,9-1,17,3,8.196,5.111999999999999,13.646,4.878,14.131250000000001,10.909999999999998,37.481249999999996,1.1625,16.883750000000003,0.0
173,80.81,B_1,284,9-5,17,0,8.116,5.264,21.403,2.8640000000000003,21.49142857142857,5.54,16.662857142857142,1.1742857142857142,24.862857142857145,0.0
174,106.46000000000001,B_1,285,9-6,17,1,12.469999999999999,5.602,25.21,4.17,19.0575,8.125,27.78,1.3375,15.405000000000001,0.0
175,109.80333333333333,B_1,286,9-7,17,2,14.756666666666668,9.582222222222223,21.650769230769235,3.218461538461539,17.38,7.337142857142857,17.708571428571425,1.6414285714285717,29.084285714285716,0.0
176,147.615,B_1,287,9-8,17,3,12.339999999999998,7.484000000000001,29.547391304347833,6.678695652173913,18.004545454545454,9.179090909090911,21.229999999999997,1.577272727272727,22.55363636363636,0.0
177,110.1,B_1,288,9-9,17,4,14.263783783783781,7.086486486486486,29.189111111111107,5.986444444444445,18.24277777777778,16.834999999999997,21.38111111111111,1.6738888888888885,26.989444444444445,0.0
178,203.64666666666668,B_1,289,9-10,17,5,16.753333333333334,12.694533333333334,40.15829787234043,5.173829787234042,23.74297297297297,16.603783783783783,19.12324324324324,6.530263157894737,38.584871794871795,0.0
179,188.96666666666667,B_1,290,9-11,17,6,17.165714285714287,13.781951219512198,41.420500000000004,9.501833333333334,19.07916666666667,14.69625,28.15,2.9270833333333335,36.17250000000001,0.0
180,97.83500000000001,B_1,291,9-12,17,0,14.371666666666668,8.616111111111111,24.613611111111112,6.386944444444445,15.8285,8.1535,23.563499999999998,1.4004999999999999,25.100500000000004,0.0
181,161.92999999999998,B_1,292,9-13,17,1,12.939473684210528,8.953157894736842,38.322500000000005,7.195357142857144,16.90888888888889,10.110000000000003,15.02111111111111,4.122222222222223,29.137777777777778,2.5
182,221.42333333333332,B_1,293,9-14,17,2,15.729750000000001,9.720256410256413,33.55655737704918,4.2247540983606555,18.07296296296296,10.055185185185184,15.593703703703705,1.7059259259259258,39.54962962962963,2.2
183,132.79,B_1,297,9-18,17,6,11.531875,7.845624999999999,29.812857142857148,6.134285714285714,16.565882352941177,8.483125,26.841874999999998,1.8600000000000003,25.71235294117647,0.0
184,129.475,B_1,298,9-19,17,0,11.751764705882353,6.158823529411765,22.3188,3.1344,14.186000000000002,10.680000000000001,20.247,1.329,16.631,0.0
185,113.29,B_1,299,9-20,17,1,19.04878787878788,8.587878787878788,38.15625,4.055,17.659285714285716,9.741428571428573,15.393571428571429,1.8307142857142857,24.935714285714287,0.0
186,140.86,B_1,300,9-21,17,2,12.588636363636361,7.155454545454545,26.706944444444446,9.62888888888889,18.165,8.295714285714286,19.205000000000002,1.5699999999999998,27.0,0.0
187,122.63999999999999,B_1,301,9-22,17,3,17.985333333333333,9.512666666666666,28.014772727272728,7.183636363636364,15.286315789473687,9.698421052631579,38.01368421052632,1.9494736842105265,25.72315789473684,0.0
188,124.77499999999999,B_1,302,9-23,17,4,12.985000000000001,7.7844827586206895,33.84625,4.085,17.46166666666667,10.994583333333333,15.577499999999999,1.4662499999999998,23.711199999999998,0.0
189,128.37333333333333,B_1,303,9-24,17,5,12.530434782608696,7.592173913043479,22.287857142857142,5.9314285714285715,22.50941176470588,9.883529411764705,21.545294117647057,2.7229411764705884,22.909411764705883,0.0
190,144.72,B_1,304,9-25,17,6,11.532682926829267,8.420487804878046,33.2692,4.491891891891892,19.534062499999997,10.846363636363636,14.094848484848486,1.9609090909090912,33.56424242424242,0.0
191,283.05333333333334,B_1,305,9-26,17,0,12.613999999999999,7.925333333333333,27.986888888888892,5.623333333333332,17.13181818181818,8.594090909090909,15.945909090909092,1.7999999999999998,27.394090909090906,0.0
192,118.45,B_1,306,9-27,17,1,17.421764705882353,7.49,25.024000000000004,3.5957142857142856,16.607777777777773,8.908333333333333,17.840555555555557,1.9938888888888888,29.497222222222216,0.0
193,135.08,B_1,307,9-28,17,2,30.56375,10.241875,28.82366666666667,6.9062068965517245,17.517142857142858,8.654285714285715,24.164285714285718,5.031428571428572,15.837499999999999,1.8
194,158.35333333333332,B_1,308,9-29,17,3,12.659142857142857,8.198823529411765,34.778333333333336,5.891914893617021,17.442307692307693,10.793846153846154,19.317692307692305,3.0369230769230775,21.992857142857144,0.3
195,207.37,B_1,309,9-30,17,4,17.722857142857144,17.541764705882354,44.76686868686868,5.656464646464647,43.20666666666666,23.521458333333335,29.599999999999998,6.6156250000000005,33.90604166666667,0.0
196,174.79,B_1,318,10-8,17,5,13.227142857142857,7.689999999999999,19.968,4.50325,16.3252380952381,8.868095238095238,25.196666666666673,1.9785714285714284,22.494285714285716,0.0
197,151.605,B_1,319,10-9,17,6,30.046086956521737,7.409565217391304,26.283333333333335,6.861538461538462,16.58533333333333,8.632666666666667,16.138666666666666,3.288666666666667,29.017999999999997,0.0
198,126.53999999999999,B_1,320,10-10,17,0,11.3215,8.9685,28.27685714285714,4.8185714285714285,21.606923076923074,11.341538461538462,20.377692307692307,1.9723076923076923,25.946428571428573,0.0
199,178.43666666666664,B_1,321,10-11,17,1,14.06,8.396666666666667,32.162142857142854,6.327619047619047,15.24736842105263,8.270526315789473,17.47736842105263,1.4821052631578948,22.156315789473684,0.0
200,128.55,B_1,322,10-12,17,2,12.486,7.343000000000001,26.87890909090909,6.1703636363636365,15.992222222222223,7.515555555555557,22.109444444444446,1.613333333333333,23.716111111111115,0.0
201,127.61500000000001,B_1,323,10-13,17,3,11.192727272727272,7.386363636363637,26.78906976744186,5.398372093023255,16.45375,12.073125,20.545625,1.95875,27.530000000000005,0.0
202,270.855,B_1,324,10-14,17,4,12.496585365853658,7.204750000000001,26.421639344262296,5.3955737704918025,17.091481481481484,9.46888888888889,21.18111111111111,2.754814814814815,22.60814814814815,0.0
203,165.55666666666664,B_1,325,10-15,17,5,20.228684210526318,14.058684210526316,37.79786885245902,13.875499999999997,18.967692307692307,17.025384615384617,19.207307692307694,3.200769230769231,33.16461538461538,0.0
204,144.68,B_1,326,10-16,17,6,13.836857142857147,7.404848484848484,25.178627450980393,5.083725490196079,18.301666666666662,15.756666666666668,19.91333333333333,1.6111111111111112,23.726111111111113,0.0
205,130.23333333333335,B_1,327,10-17,17,0,11.2652,6.905416666666667,34.10976744186046,3.635813953488372,22.665833333333335,9.273750000000001,17.735416666666666,1.394583333333333,26.316666666666666,0.0
206,382.03,B_1,236,7-19,18,1,12.44909090909091,8.370454545454546,38.874736842105264,6.201315789473684,15.040833333333333,6.826666666666666,10.410833333333334,1.5425000000000002,27.582500000000003,0.0
207,124.97,B_1,239,7-22,18,4,10.585,6.739999999999998,41.19869565217391,6.3756521739130445,21.022,9.222,12.952000000000002,1.6460000000000001,15.806,0.0
208,131.36,B_1,240,7-23,18,5,11.679374999999999,9.02125,51.73464285714286,7.9835714285714285,17.431428571428572,8.012857142857143,11.254285714285713,1.4728571428571426,19.722857142857144,0.0
209,120.78,B_1,241,7-24,18,6,15.54190476190476,14.619047619047619,34.82566666666667,8.725666666666667,11.81,5.510000000000001,7.743333333333333,47.44666666666668,6.91,0.0
210,78.19999999999999,B_1,242,7-25,18,0,13.19909090909091,9.417272727272726,48.98863636363637,3.745,17.192500000000003,8.28,12.93,1.8074999999999999,18.552499999999995,0.0
211,135.20499999999998,B_1,246,7-29,18,4,13.425624999999998,9.16375,58.94391304347826,5.243043478260869,19.756,8.746,36.062,2.2439999999999998,34.474000000000004,0.0
212,122.32,B_1,248,7-31,18,6,29.13,10.403333333333334,31.31,10.239285714285712,19.253333333333334,8.480833333333333,15.014166666666666,2.365,30.765,0.0
213,93.03,B_1,249,8-1,18,0,10.43076923076923,6.477692307692307,19.490000000000002,8.881666666666668,15.475999999999999,7.545,10.785,1.497,24.862000000000005,0.0
214,132.53,B_1,252,8-4,18,3,10.442,6.503500000000001,43.74133333333334,4.931666666666667,16.774,7.741999999999998,10.57,1.49,19.895999999999994,0.0
215,111.38,B_1,254,8-6,18,5,16.83,8.918125,51.14125000000001,4.934166666666666,20.77,8.364285714285716,14.651428571428571,1.29,25.93428571428571,0.0
216,104.12,B_1,255,8-7,18,6,10.089999999999996,6.264999999999998,27.56166666666667,3.710000000000001,24.942500000000003,34.114999999999995,11.089999999999998,1.4075,13.530000000000001,0.0
217,58.19,B_1,256,8-8,18,0,15.733333333333333,7.289999999999998,23.36666666666666,2.793333333333333,15.445,6.725000000000003,9.174999999999999,1.2199999999999998,28.375,0.0
218,89.28,B_1,259,8-11,18,3,11.332857142857142,7.866428571428571,41.79363636363636,12.075,16.018,7.458000000000001,20.202,1.434,23.115999999999996,0.0
219,100.245,B_1,262,8-14,18,6,16.269999999999996,12.1,34.93,8.375,79.38,37.039999999999985,36.78,0.47,4.519999999999999,0.0
220,108.16,B_1,263,8-15,18,0,8.538333333333334,6.13,27.941818181818178,3.402727272727273,15.812000000000001,7.5059999999999985,13.588,1.82,45.33,0.0
221,114.68,B_1,264,8-16,18,1,10.633333333333333,7.324444444444445,36.878571428571426,9.849285714285713,18.875,9.235000000000001,28.22,1.645,15.805000000000001,0.0
222,95.81,B_1,265,8-17,18,2,8.6875,6.568749999999999,43.908125,3.69875,16.045,7.704999999999999,10.94,1.575,25.889999999999997,0.0
223,75.74,B_1,268,8-20,18,5,8.701428571428572,6.477142857142856,20.592,12.867999999999999,15.82,6.834999999999996,9.925,1.7,16.889999999999997,0.0
224,104.35499999999999,B_1,269,8-21,18,6,12.413636363636366,6.961818181818182,30.53944444444444,7.013333333333334,14.23,5.620000000000001,8.85,1.1499999999999997,23.860000000000003,0.0
225,115.69,B_1,272,8-24,18,2,20.305000000000003,7.881666666666667,27.341,3.6650000000000005,25.259999999999998,10.034999999999998,13.909999999999998,2.08,22.849999999999998,0.0
226,65.78,B_1,275,8-27,18,5,10.638499999999999,6.434500000000001,31.79782608695652,8.929130434782609,14.083333333333334,6.826666666666667,12.79,1.5099999999999998,25.669999999999998,0.0
227,102.82,B_1,276,8-28,18,6,9.389999999999997,5.4959999999999996,24.430000000000003,13.93666666666667,13.82,6.1800000000000015,6.61,0.7899999999999999,35.800000000000004,0.0
228,87.22,B_1,278,8-30,18,1,8.089999999999996,5.685999999999999,18.103333333333335,8.0,14.73,5.099999999999998,6.87,0.8699999999999999,8.39,0.0
229,127.56,B_1,280,9-1,18,3,8.196,5.111999999999999,13.646,4.878,14.131250000000001,10.909999999999998,37.481249999999996,1.1625,16.883750000000003,0.0
230,121.81,B_1,281,9-2,18,4,8.906666666666668,4.551666666666667,27.81727272727273,5.319090909090909,19.5925,11.356250000000001,23.117499999999996,1.855,21.334999999999997,0.0
231,102.945,B_1,282,9-3,18,5,8.31,5.505,22.133333333333333,2.8899999999999992,24.600000000000005,18.576666666666664,10.366666666666667,1.3166666666666669,12.650000000000002,0.0
232,130.16,B_1,283,9-4,18,6,2.29,3.51,20.634999999999998,2.3299999999999996,13.61,6.090000000000001,11.1,2.42,38.209999999999994,0.0
233,102.865,B_1,284,9-5,18,0,8.116,5.264,21.403,2.8640000000000003,21.49142857142857,5.54,16.662857142857142,1.1742857142857142,24.862857142857145,0.0
234,114.07,B_1,285,9-6,18,1,12.469999999999999,5.602,25.21,4.17,19.0575,8.125,27.78,1.3375,15.405000000000001,0.3
235,116.96,B_1,286,9-7,18,2,14.756666666666668,9.582222222222223,21.650769230769235,3.218461538461539,17.38,7.337142857142857,17.708571428571425,1.6414285714285717,29.084285714285716,0.0
236,305.55333333333334,B_1,287,9-8,18,3,12.339999999999998,7.484000000000001,29.547391304347833,6.678695652173913,18.004545454545454,9.179090909090911,21.229999999999997,1.577272727272727,22.55363636363636,0.0
237,145.39,B_1,288,9-9,18,4,14.263783783783781,7.086486486486486,29.189111111111107,5.986444444444445,18.24277777777778,16.834999999999997,21.38111111111111,1.6738888888888885,26.989444444444445,0.0
238,177.98000000000002,B_1,289,9-10,18,5,16.753333333333334,12.694533333333334,40.15829787234043,5.173829787234042,23.74297297297297,16.603783783783783,19.12324324324324,6.530263157894737,38.584871794871795,0.1
239,307.505,B_1,290,9-11,18,6,17.165714285714287,13.781951219512198,41.420500000000004,9.501833333333334,19.07916666666667,14.69625,28.15,2.9270833333333335,36.17250000000001,0.0
240,149.92,B_1,291,9-12,18,0,14.371666666666668,8.616111111111111,24.613611111111112,6.386944444444445,15.8285,8.1535,23.563499999999998,1.4004999999999999,25.100500000000004,0.0
241,277.735,B_1,292,9-13,18,1,12.939473684210528,8.953157894736842,38.322500000000005,7.195357142857144,16.90888888888889,10.110000000000003,15.02111111111111,4.122222222222223,29.137777777777778,0.0
242,285.30333333333334,B_1,293,9-14,18,2,15.729750000000001,9.720256410256413,33.55655737704918,4.2247540983606555,18.07296296296296,10.055185185185184,15.593703703703705,1.7059259259259258,39.54962962962963,0.2
243,126.70333333333333,B_1,297,9-18,18,6,11.531875,7.845624999999999,29.812857142857148,6.134285714285714,16.565882352941177,8.483125,26.841874999999998,1.8600000000000003,25.71235294117647,0.0
244,203.97,B_1,298,9-19,18,0,11.751764705882353,6.158823529411765,22.3188,3.1344,14.186000000000002,10.680000000000001,20.247,1.329,16.631,0.0
245,236.715,B_1,299,9-20,18,1,19.04878787878788,8.587878787878788,38.15625,4.055,17.659285714285716,9.741428571428573,15.393571428571429,1.8307142857142857,24.935714285714287,0.0
246,135.55,B_1,300,9-21,18,2,12.588636363636361,7.155454545454545,26.706944444444446,9.62888888888889,18.165,8.295714285714286,19.205000000000002,1.5699999999999998,27.0,0.0
247,114.78333333333335,B_1,301,9-22,18,3,17.985333333333333,9.512666666666666,28.014772727272728,7.183636363636364,15.286315789473687,9.698421052631579,38.01368421052632,1.9494736842105265,25.72315789473684,0.0
248,162.99666666666667,B_1,302,9-23,18,4,12.985000000000001,7.7844827586206895,33.84625,4.085,17.46166666666667,10.994583333333333,15.577499999999999,1.4662499999999998,23.711199999999998,0.0
249,124.23,B_1,303,9-24,18,5,12.530434782608696,7.592173913043479,22.287857142857142,5.9314285714285715,22.50941176470588,9.883529411764705,21.545294117647057,2.7229411764705884,22.909411764705883,0.0
250,124.25999999999999,B_1,304,9-25,18,6,11.532682926829267,8.420487804878046,33.2692,4.491891891891892,19.534062499999997,10.846363636363636,14.094848484848486,1.9609090909090912,33.56424242424242,0.0
251,104.175,B_1,305,9-26,18,0,12.613999999999999,7.925333333333333,27.986888888888892,5.623333333333332,17.13181818181818,8.594090909090909,15.945909090909092,1.7999999999999998,27.394090909090906,0.0
252,118.12666666666667,B_1,306,9-27,18,1,17.421764705882353,7.49,25.024000000000004,3.5957142857142856,16.607777777777773,8.908333333333333,17.840555555555557,1.9938888888888888,29.497222222222216,1.2
253,139.84,B_1,308,9-29,18,3,12.659142857142857,8.198823529411765,34.778333333333336,5.891914893617021,17.442307692307693,10.793846153846154,19.317692307692305,3.0369230769230775,21.992857142857144,0.2
254,129.58666666666667,B_1,309,9-30,18,4,17.722857142857144,17.541764705882354,44.76686868686868,5.656464646464647,43.20666666666666,23.521458333333335,29.599999999999998,6.6156250000000005,33.90604166666667,0.0
255,130.535,B_1,318,10-8,18,5,13.227142857142857,7.689999999999999,19.968,4.50325,16.3252380952381,8.868095238095238,25.196666666666673,1.9785714285714284,22.494285714285716,0.0
256,215.26999999999998,B_1,319,10-9,18,6,30.046086956521737,7.409565217391304,26.283333333333335,6.861538461538462,16.58533333333333,8.632666666666667,16.138666666666666,3.288666666666667,29.017999999999997,0.0
257,163.24,B_1,320,10-10,18,0,11.3215,8.9685,28.27685714285714,4.8185714285714285,21.606923076923074,11.341538461538462,20.377692307692307,1.9723076923076923,25.946428571428573,0.0
258,156.65333333333334,B_1,321,10-11,18,1,14.06,8.396666666666667,32.162142857142854,6.327619047619047,15.24736842105263,8.270526315789473,17.47736842105263,1.4821052631578948,22.156315789473684,0.0
259,131.21333333333334,B_1,322,10-12,18,2,12.486,7.343000000000001,26.87890909090909,6.1703636363636365,15.992222222222223,7.515555555555557,22.109444444444446,1.613333333333333,23.716111111111115,0.0
260,148.81,B_1,323,10-13,18,3,11.192727272727272,7.386363636363637,26.78906976744186,5.398372093023255,16.45375,12.073125,20.545625,1.95875,27.530000000000005,0.0
261,203.92,B_1,324,10-14,18,4,12.496585365853658,7.204750000000001,26.421639344262296,5.3955737704918025,17.091481481481484,9.46888888888889,21.18111111111111,2.754814814814815,22.60814814814815,0.0
262,111.36333333333333,B_1,325,10-15,18,5,20.228684210526318,14.058684210526316,37.79786885245902,13.875499999999997,18.967692307692307,17.025384615384617,19.207307692307694,3.200769230769231,33.16461538461538,0.0
263,117.24,B_1,326,10-16,18,6,13.836857142857147,7.404848484848484,25.178627450980393,5.083725490196079,18.301666666666662,15.756666666666668,19.91333333333333,1.6111111111111112,23.726111111111113,0.0
264,120.33,B_1,327,10-17,18,0,11.2652,6.905416666666667,34.10976744186046,3.635813953488372,22.665833333333335,9.273750000000001,17.735416666666666,1.394583333333333,26.316666666666666,0.0
