,label,route,calculated_day,date,hr,weekday,115,102,109,104,112,111,103,122,precipitation
0,132.05,C_3,236,7-19,8,1,8.965,12.305,13.025000000000002,29.7675,30.0825,53.212500000000006,2.4966666666666666,30.332380952380948,0.0
1,251.14499999999998,C_3,237,7-20,8,2,15.994285714285715,11.14857142857143,11.054285714285713,27.725714285714282,20.262857142857143,36.995714285714286,11.203809523809522,60.224090909090926,0.0
2,166.15,C_3,238,7-21,8,3,9.853333333333333,11.21,11.466666666666667,25.16,15.066666666666665,29.902500000000003,13.119375000000002,44.91,0.0
3,175.385,C_3,240,7-23,8,5,18.19666666666667,12.409999999999998,12.431666666666667,27.19666666666667,19.463333333333335,26.613157894736844,4.970526315789473,45.587857142857146,0.0
4,204.33999999999997,C_3,241,7-24,8,6,15.280000000000001,13.2,13.496,26.024,20.285999999999998,34.165263157894735,9.09842105263158,32.79285714285714,0.0
5,266.68,C_3,242,7-25,8,0,9.9775,11.50375,12.0,25.35625,28.228749999999998,52.546800000000005,10.281600000000001,30.988076923076918,0.0
6,197.34666666666666,C_3,243,7-26,8,1,7.906666666666666,8.156666666666668,8.1,21.389999999999997,14.836666666666666,38.282000000000004,3.1153333333333335,31.829473684210527,0.0
7,223.8,C_3,244,7-27,8,2,9.035,11.2875,11.9775,25.75,18.495,24.584615384615386,10.490000000000002,34.04555555555555,0.0
8,294.46000000000004,C_3,245,7-28,8,3,7.557499999999999,8.782499999999999,9.04,22.4275,21.98,25.929090909090913,3.2072727272727275,59.984166666666674,0.0
9,129.59,C_3,246,7-29,8,4,11.15,12.254999999999999,13.370000000000001,32.54,25.97,25.545384615384616,19.913846153846155,80.43875,0.0
10,191.78,C_3,247,7-30,8,5,8.290000000000001,9.265,10.6525,25.900000000000002,19.8125,20.700555555555557,7.617222222222223,43.03181818181818,0.0
11,197.7,C_3,248,7-31,8,6,8.095,10.17,10.408333333333333,30.33,22.006666666666664,26.312142857142852,2.3571428571428577,39.94833333333333,0.0
12,350.05,C_3,249,8-1,8,0,15.2175,17.745,12.7325,28.042499999999997,19.685,45.708421052631586,3.770526315789473,53.148125,0.0
13,289.14,C_3,250,8-2,8,1,10.947142857142854,12.542857142857141,11.944285714285714,23.59285714285715,26.08571428571429,30.611874999999998,3.8474999999999997,49.83764705882353,0.0
14,238.65,C_3,251,8-3,8,2,9.974285714285713,12.77,11.891428571428571,34.971428571428575,18.268571428571427,24.638571428571428,11.312857142857144,62.595000000000006,0.0
15,253.25,C_3,252,8-4,8,3,11.04125,12.73125,13.370000000000001,31.637500000000003,34.863749999999996,35.92,7.920555555555556,52.908181818181816,0.0
16,352.295,C_3,253,8-5,8,4,10.95142857142857,12.765714285714285,20.827142857142857,24.321428571428573,17.112857142857145,19.50307692307692,3.4784615384615383,49.93928571428571,0.0
17,166.20499999999998,C_3,255,8-7,8,6,8.282499999999999,9.13625,9.4175,22.91375,18.677500000000002,23.619999999999997,2.6876470588235297,43.824374999999996,0.0
18,219.91500000000002,C_3,256,8-8,8,0,11.351111111111111,13.221111111111112,12.762222222222224,31.68333333333333,25.73777777777778,49.97416666666667,11.155416666666667,54.65925925925926,0.0
19,198.88333333333333,C_3,257,8-9,8,1,11.932500000000001,9.047500000000001,9.4525,22.240000000000002,32.2425,48.600000000000016,8.803333333333333,37.86761904761905,0.0
20,217.82,C_3,258,8-10,8,2,13.143333333333333,16.09,16.583333333333332,38.24666666666667,15.13,45.065,7.32,58.651250000000005,0.0
21,218.47500000000002,C_3,261,8-13,8,5,10.933333333333335,10.049999999999999,9.466666666666667,21.78333333333333,50.29,24.5015,9.371,41.91291666666667,0.0
22,242.25,C_3,262,8-14,8,6,8.958571428571428,9.437142857142858,10.739999999999998,23.695714285714285,23.845714285714287,22.520476190476188,5.024761904761904,36.55842105263158,0.0
23,315.09,C_3,263,8-15,8,0,10.635,6.585000000000001,8.285,19.035,18.990000000000002,39.41272727272727,8.553636363636365,83.22894736842103,0.0
24,371.96,C_3,265,8-17,8,2,8.745000000000001,10.18,10.04,22.33,35.245000000000005,42.083076923076916,10.626923076923077,29.164736842105263,0.0
26,280.745,C_3,267,8-19,8,4,9.035,9.45,9.355,24.924999999999997,37.21,40.629374999999996,3.0143750000000002,29.758846153846154,0.0
27,216.41333333333333,C_3,268,8-20,8,5,9.62,8.48,7.29,18.33,15.04,24.142222222222223,4.974444444444444,29.634399999999996,0.0
28,140.77,C_3,269,8-21,8,6,10.67,12.99,9.92,21.54,14.63,28.266666666666666,6.014444444444445,25.562857142857148,0.0
31,176.915,C_3,272,8-24,8,2,10.555,9.565000000000001,10.09,29.02,35.215,52.14583333333334,4.3758333333333335,28.240454545454543,0.0
33,126.26,C_3,275,8-27,8,5,7.6066666666666665,6.766666666666667,7.316666666666666,54.98666666666667,68.14999999999999,25.111666666666665,6.5008333333333335,32.645789473684204,0.0
34,123.51,C_3,276,8-28,8,6,9.62,8.21,7.57,17.68,14.79,18.394,2.9099999999999997,38.09444444444444,0.0
35,106.8,C_3,277,8-29,8,0,11.68,10.366666666666667,9.583333333333334,31.636666666666667,39.163333333333334,35.19142857142857,9.835714285714285,39.66941176470588,0.0
36,174.6,C_3,279,8-31,8,2,7.78,9.43,9.74,22.37,19.83,38.96666666666666,7.576666666666668,41.23,0.0
37,153.18,C_3,280,9-1,8,3,11.732727272727272,9.947272727272727,8.662727272727274,24.031818181818178,30.842727272727277,15.351666666666667,3.98,30.327272727272724,0.0
38,142.24,C_3,281,9-2,8,4,11.433571428571428,8.551428571428572,7.845,18.957142857142856,29.069999999999993,14.87,8.2105,32.81933333333333,0.0
39,125.52,C_3,282,9-3,8,5,8.845,8.30125,7.9399999999999995,18.4325,28.018749999999997,19.267999999999997,5.457,50.311499999999995,0.0
40,137.16,C_3,286,9-7,8,2,12.033333333333333,9.14777777777778,8.872222222222224,20.26111111111111,24.689999999999998,18.588,7.3805,31.01571428571429,0.0
41,149.51,C_3,287,9-8,8,3,9.016666666666667,8.783333333333333,6.82,18.866666666666664,30.01,21.66857142857143,8.665714285714285,32.78615384615385,0.0
42,189.1,C_3,289,9-10,8,5,12.174000000000001,10.84,10.347999999999999,27.412,21.144,33.81318181818181,7.006363636363637,30.27916666666667,0.0
43,150.38,C_3,290,9-11,8,6,9.518888888888888,10.076666666666666,10.017777777777777,29.57,34.57444444444444,24.58068965517241,3.204482758620689,31.166296296296295,0.0
44,146.32999999999998,C_3,292,9-13,8,1,8.885555555555555,9.59888888888889,9.866666666666667,25.38666666666667,40.75666666666667,31.88090909090909,7.693181818181817,37.8552380952381,0.0
45,143.31,C_3,293,9-14,8,2,8.416,9.749999999999998,14.004000000000001,72.33399999999999,74.176,26.557647058823527,5.788823529411765,38.20421052631579,0.8
46,107.9,C_3,297,9-18,8,6,8.76,9.7175,13.44,26.495,24.3975,32.363076923076925,7.5638461538461526,33.242799999999995,0.0
47,198.08,C_3,298,9-19,8,0,11.67181818181818,11.623636363636363,10.899090909090908,26.968181818181815,34.51727272727273,24.11916666666667,3.0108333333333337,35.82111111111111,0.0
48,276.74,C_3,299,9-20,8,1,16.15,11.7575,9.477500000000001,25.655,17.4975,30.128666666666668,8.752,29.9364,0.0
49,325.43,C_3,300,9-21,8,2,9.196153846153846,9.466923076923077,9.600769230769233,23.166923076923077,23.823076923076933,23.218333333333334,7.7525,34.17481481481481,0.0
50,210.32,C_3,301,9-22,8,3,10.701428571428574,11.385714285714286,11.37857142857143,29.76142857142857,28.95,24.7575,3.81,28.353181818181824,0.0
51,363.5933333333333,C_3,303,9-24,8,5,9.964000000000002,9.312000000000001,8.556000000000001,20.172000000000004,36.257999999999996,23.950800000000005,4.081200000000001,30.614482758620692,0.0
52,158.3033333333333,C_3,304,9-25,8,6,7.748333333333332,8.635,9.773333333333332,21.069999999999997,14.823333333333336,20.6835,8.951,29.630857142857142,0.0
53,150.64499999999998,C_3,305,9-26,8,0,7.39375,8.27875,8.42,22.240000000000002,19.41,33.1672,3.0928000000000004,31.629705882352944,0.0
54,117.5,C_3,306,9-27,8,1,36.57625,10.68125,10.473749999999999,25.558750000000003,19.254285714285714,25.283703703703704,3.4292307692307693,32.45413793103449,0.0
55,132.96333333333334,C_3,307,9-28,8,2,12.36875,10.7775,10.34,28.711428571428574,31.73714285714286,22.143636363636364,11.295217391304348,35.31961538461538,5.5
56,142.63,C_3,308,9-29,8,3,8.865,11.0975,10.125,34.5825,38.84,20.220625,11.118125000000001,32.38088235294118,0.1
57,154.1,C_3,309,9-30,8,4,9.52,11.655000000000001,12.01,24.525,15.600000000000001,24.492105263157896,25.78157894736842,31.62241379310345,0.0
58,109.39500000000001,C_3,318,10-8,8,5,8.135,8.683333333333332,11.075000000000001,43.068333333333335,23.862000000000002,23.070666666666668,3.3739999999999997,45.51620689655172,0.0
59,138.77499999999998,C_3,319,10-9,8,6,11.127500000000001,14.061250000000001,11.53,29.34125,29.78875,25.516000000000002,3.2864999999999993,51.9475,0.0
60,134.615,C_3,321,10-11,8,1,8.898571428571428,8.557142857142855,8.588571428571429,23.574285714285715,29.687142857142863,29.020500000000006,8.777,34.139444444444436,0.0
61,216.71499999999997,C_3,322,10-12,8,2,7.91,8.53111111111111,8.232222222222223,20.406666666666666,21.235,28.355000000000004,4.015555555555555,38.55653846153846,0.0
62,151.62,C_3,323,10-13,8,3,9.306153846153846,9.903076923076922,13.203076923076923,38.988461538461536,25.330000000000002,22.273000000000003,4.319333333333333,34.43848484848485,0.0
63,155.385,C_3,325,10-15,8,5,9.784285714285717,9.815,9.902142857142858,23.678571428571423,21.71142857142857,19.92153846153846,4.859999999999999,34.95114285714286,0.1
64,88.78,C_3,326,10-16,8,6,10.11625,10.173749999999998,9.263749999999998,23.8925,36.65375,25.339,3.4470000000000005,30.92066666666667,0.0
65,198.635,C_3,327,10-17,8,0,10.0575,9.68,9.309999999999999,22.627499999999998,42.309999999999995,28.652500000000003,4.911875,35.62740740740741,0.0
66,139.7,C_3,236,7-19,9,1,8.965,12.305,13.025000000000002,29.7675,30.0825,53.212500000000006,2.4966666666666666,30.332380952380948,0.0
67,102.43,C_3,237,7-20,9,2,15.994285714285715,11.14857142857143,11.054285714285713,27.725714285714282,20.262857142857143,36.995714285714286,11.203809523809522,60.224090909090926,0.0
68,269.12,C_3,239,7-22,9,4,9.0425,11.0775,10.51375,22.407500000000002,21.79625,38.22176470588235,11.377647058823529,36.66869565217391,0.0
69,217.515,C_3,240,7-23,9,5,18.19666666666667,12.409999999999998,12.431666666666667,27.19666666666667,19.463333333333335,26.613157894736844,4.970526315789473,45.587857142857146,0.0
70,221.78500000000003,C_3,241,7-24,9,6,15.280000000000001,13.2,13.496,26.024,20.285999999999998,34.165263157894735,9.09842105263158,32.79285714285714,0.0
71,227.46000000000004,C_3,242,7-25,9,0,9.9775,11.50375,12.0,25.35625,28.228749999999998,52.546800000000005,10.281600000000001,30.988076923076918,0.0
72,173.7,C_3,243,7-26,9,1,7.906666666666666,8.156666666666668,8.1,21.389999999999997,14.836666666666666,38.282000000000004,3.1153333333333335,31.829473684210527,0.0
73,210.865,C_3,244,7-27,9,2,9.035,11.2875,11.9775,25.75,18.495,24.584615384615386,10.490000000000002,34.04555555555555,0.0
74,334.755,C_3,245,7-28,9,3,7.557499999999999,8.782499999999999,9.04,22.4275,21.98,25.929090909090913,3.2072727272727275,59.984166666666674,0.0
75,244.20499999999998,C_3,246,7-29,9,4,11.15,12.254999999999999,13.370000000000001,32.54,25.97,25.545384615384616,19.913846153846155,80.43875,0.0
76,271.78499999999997,C_3,247,7-30,9,5,8.290000000000001,9.265,10.6525,25.900000000000002,19.8125,20.700555555555557,7.617222222222223,43.03181818181818,0.0
77,196.815,C_3,248,7-31,9,6,8.095,10.17,10.408333333333333,30.33,22.006666666666664,26.312142857142852,2.3571428571428577,39.94833333333333,0.0
78,211.70999999999998,C_3,249,8-1,9,0,15.2175,17.745,12.7325,28.042499999999997,19.685,45.708421052631586,3.770526315789473,53.148125,0.0
79,216.17,C_3,250,8-2,9,1,10.947142857142854,12.542857142857141,11.944285714285714,23.59285714285715,26.08571428571429,30.611874999999998,3.8474999999999997,49.83764705882353,0.0
80,217.32999999999998,C_3,251,8-3,9,2,9.974285714285713,12.77,11.891428571428571,34.971428571428575,18.268571428571427,24.638571428571428,11.312857142857144,62.595000000000006,0.0
81,310.745,C_3,252,8-4,9,3,11.04125,12.73125,13.370000000000001,31.637500000000003,34.863749999999996,35.92,7.920555555555556,52.908181818181816,0.7
82,164.39,C_3,255,8-7,9,6,8.282499999999999,9.13625,9.4175,22.91375,18.677500000000002,23.619999999999997,2.6876470588235297,43.824374999999996,0.0
83,203.43,C_3,257,8-9,9,1,11.932500000000001,9.047500000000001,9.4525,22.240000000000002,32.2425,48.600000000000016,8.803333333333333,37.86761904761905,2.7
84,214.48,C_3,258,8-10,9,2,13.143333333333333,16.09,16.583333333333332,38.24666666666667,15.13,45.065,7.32,58.651250000000005,0.0
85,234.88,C_3,259,8-11,9,3,9.88,9.42,10.65,23.72,15.92,39.798181818181824,5.132727272727272,61.37571428571429,0.0
86,189.04500000000002,C_3,260,8-12,9,4,10.58,11.463333333333333,11.31,26.043333333333333,22.429999999999996,19.151999999999997,6.784999999999999,38.70176470588235,0.0
87,209.6,C_3,262,8-14,9,6,8.958571428571428,9.437142857142858,10.739999999999998,23.695714285714285,23.845714285714287,22.520476190476188,5.024761904761904,36.55842105263158,0.0
88,181.46,C_3,263,8-15,9,0,10.635,6.585000000000001,8.285,19.035,18.990000000000002,39.41272727272727,8.553636363636365,83.22894736842103,0.0
89,168.8,C_3,264,8-16,9,1,7.55,8.646666666666667,8.316666666666666,21.936666666666667,44.49000000000001,36.83363636363636,2.5072727272727273,31.388125,0.0
90,255.31,C_3,265,8-17,9,2,8.745000000000001,10.18,10.04,22.33,35.245000000000005,42.083076923076916,10.626923076923077,29.164736842105263,0.0
92,208.76,C_3,267,8-19,9,4,9.035,9.45,9.355,24.924999999999997,37.21,40.629374999999996,3.0143750000000002,29.758846153846154,0.0
93,180.59333333333333,C_3,268,8-20,9,5,9.62,8.48,7.29,18.33,15.04,24.142222222222223,4.974444444444444,29.634399999999996,0.0
94,133.23499999999999,C_3,269,8-21,9,6,10.67,12.99,9.92,21.54,14.63,28.266666666666666,6.014444444444445,25.562857142857148,27.2
95,220.35,C_3,272,8-24,9,2,10.555,9.565000000000001,10.09,29.02,35.215,52.14583333333334,4.3758333333333335,28.240454545454543,0.0
97,100.34,C_3,275,8-27,9,5,7.6066666666666665,6.766666666666667,7.316666666666666,54.98666666666667,68.14999999999999,25.111666666666665,6.5008333333333335,32.645789473684204,0.0
98,123.01,C_3,276,8-28,9,6,9.62,8.21,7.57,17.68,14.79,18.394,2.9099999999999997,38.09444444444444,0.0
99,150.425,C_3,277,8-29,9,0,11.68,10.366666666666667,9.583333333333334,31.636666666666667,39.163333333333334,35.19142857142857,9.835714285714285,39.66941176470588,0.0
100,129.35,C_3,282,9-3,9,5,8.845,8.30125,7.9399999999999995,18.4325,28.018749999999997,19.267999999999997,5.457,50.311499999999995,0.0
101,156.93,C_3,283,9-4,9,6,10.59,8.85,9.44,25.865000000000002,18.805,14.324285714285713,9.89,33.80500000000001,0.0
102,188.98,C_3,286,9-7,9,2,12.033333333333333,9.14777777777778,8.872222222222224,20.26111111111111,24.689999999999998,18.588,7.3805,31.01571428571429,0.0
103,168.60333333333332,C_3,287,9-8,9,3,9.016666666666667,8.783333333333333,6.82,18.866666666666664,30.01,21.66857142857143,8.665714285714285,32.78615384615385,0.0
104,161.66,C_3,288,9-9,9,4,19.523333333333333,18.43,10.626666666666667,26.526666666666667,29.570000000000004,40.854375000000005,3.7925,37.17777777777778,0.0
105,206.33499999999998,C_3,290,9-11,9,6,9.518888888888888,10.076666666666666,10.017777777777777,29.57,34.57444444444444,24.58068965517241,3.204482758620689,31.166296296296295,0.3
106,182.57,C_3,291,9-12,9,0,10.695714285714285,9.715714285714286,9.428571428571429,21.704285714285714,16.807142857142857,31.742631578947368,6.449473684210526,31.968695652173917,0.0
107,132.035,C_3,292,9-13,9,1,8.885555555555555,9.59888888888889,9.866666666666667,25.38666666666667,40.75666666666667,31.88090909090909,7.693181818181817,37.8552380952381,0.4
108,184.44333333333336,C_3,293,9-14,9,2,8.416,9.749999999999998,14.004000000000001,72.33399999999999,74.176,26.557647058823527,5.788823529411765,38.20421052631579,0.5
109,186.96333333333337,C_3,297,9-18,9,6,8.76,9.7175,13.44,26.495,24.3975,32.363076923076925,7.5638461538461526,33.242799999999995,0.0
110,167.355,C_3,298,9-19,9,0,11.67181818181818,11.623636363636363,10.899090909090908,26.968181818181815,34.51727272727273,24.11916666666667,3.0108333333333337,35.82111111111111,0.1
111,146.41500000000002,C_3,299,9-20,9,1,16.15,11.7575,9.477500000000001,25.655,17.4975,30.128666666666668,8.752,29.9364,0.0
112,255.13,C_3,300,9-21,9,2,9.196153846153846,9.466923076923077,9.600769230769233,23.166923076923077,23.823076923076933,23.218333333333334,7.7525,34.17481481481481,0.0
113,168.57333333333332,C_3,301,9-22,9,3,10.701428571428574,11.385714285714286,11.37857142857143,29.76142857142857,28.95,24.7575,3.81,28.353181818181824,0.0
114,268.05,C_3,302,9-23,9,4,8.2375,8.358749999999999,8.321250000000001,21.34125,28.805714285714288,30.780370370370374,8.771851851851853,35.15758620689655,0.0
115,180.73333333333335,C_3,303,9-24,9,5,9.964000000000002,9.312000000000001,8.556000000000001,20.172000000000004,36.257999999999996,23.950800000000005,4.081200000000001,30.614482758620692,0.0
116,171.89999999999998,C_3,304,9-25,9,6,7.748333333333332,8.635,9.773333333333332,21.069999999999997,14.823333333333336,20.6835,8.951,29.630857142857142,0.0
117,174.62666666666667,C_3,305,9-26,9,0,7.39375,8.27875,8.42,22.240000000000002,19.41,33.1672,3.0928000000000004,31.629705882352944,0.0
118,158.82666666666668,C_3,306,9-27,9,1,36.57625,10.68125,10.473749999999999,25.558750000000003,19.254285714285714,25.283703703703704,3.4292307692307693,32.45413793103449,0.0
119,204.57,C_3,307,9-28,9,2,12.36875,10.7775,10.34,28.711428571428574,31.73714285714286,22.143636363636364,11.295217391304348,35.31961538461538,1.3
120,162.375,C_3,308,9-29,9,3,8.865,11.0975,10.125,34.5825,38.84,20.220625,11.118125000000001,32.38088235294118,1.4
121,201.315,C_3,309,9-30,9,4,9.52,11.655000000000001,12.01,24.525,15.600000000000001,24.492105263157896,25.78157894736842,31.62241379310345,0.0
122,132.4466666666667,C_3,318,10-8,9,5,8.135,8.683333333333332,11.075000000000001,43.068333333333335,23.862000000000002,23.070666666666668,3.3739999999999997,45.51620689655172,0.0
123,195.12666666666667,C_3,319,10-9,9,6,11.127500000000001,14.061250000000001,11.53,29.34125,29.78875,25.516000000000002,3.2864999999999993,51.9475,0.0
124,144.83499999999998,C_3,320,10-10,9,0,9.768571428571429,9.639999999999999,9.747142857142858,23.342857142857145,24.351428571428578,15.689230769230768,8.186538461538461,35.846999999999994,0.0
125,159.63,C_3,321,10-11,9,1,8.898571428571428,8.557142857142855,8.588571428571429,23.574285714285715,29.687142857142863,29.020500000000006,8.777,34.139444444444436,0.0
126,230.65499999999997,C_3,322,10-12,9,2,7.91,8.53111111111111,8.232222222222223,20.406666666666666,21.235,28.355000000000004,4.015555555555555,38.55653846153846,0.0
127,157.9,C_3,323,10-13,9,3,9.306153846153846,9.903076923076922,13.203076923076923,38.988461538461536,25.330000000000002,22.273000000000003,4.319333333333333,34.43848484848485,0.0
128,136.44,C_3,324,10-14,9,4,9.517499999999998,9.2575,9.695,27.3775,37.834999999999994,23.462000000000003,5.966400000000001,31.070000000000007,0.0
129,179.20000000000002,C_3,325,10-15,9,5,9.784285714285717,9.815,9.902142857142858,23.678571428571423,21.71142857142857,19.92153846153846,4.859999999999999,34.95114285714286,0.0
130,161.16500000000002,C_3,326,10-16,9,6,10.11625,10.173749999999998,9.263749999999998,23.8925,36.65375,25.339,3.4470000000000005,30.92066666666667,0.0
131,218.18,C_3,327,10-17,9,0,10.0575,9.68,9.309999999999999,22.627499999999998,42.309999999999995,28.652500000000003,4.911875,35.62740740740741,0.0
132,160.075,C_3,236,7-19,17,1,9.201428571428574,9.845714285714283,10.291428571428572,28.467142857142854,24.79285714285714,38.40212121212121,5.886969696969698,42.71925,0.0
133,196.33,C_3,237,7-20,17,2,12.948333333333332,11.533333333333333,10.800000000000002,35.964999999999996,27.2225,33.75521739130435,7.023478260869564,34.64033333333334,0.0
134,203.62666666666667,C_3,238,7-21,17,3,11.675999999999998,13.831999999999999,14.288,34.998,25.810000000000002,41.409444444444446,5.6033333333333335,43.14,0.0
135,175.36,C_3,239,7-22,17,4,9.936666666666667,11.575000000000001,12.03,28.25666666666667,22.41333333333333,37.425000000000004,6.679090909090909,42.569,0.0
136,160.98,C_3,240,7-23,17,5,12.758,11.802,11.413,29.921999999999997,30.901999999999997,53.87555555555555,8.231481481481481,39.292432432432435,0.0
137,232.5,C_3,241,7-24,17,6,10.034444444444444,10.905555555555557,11.165555555555555,56.900000000000006,31.432222222222215,35.87766666666667,8.871666666666668,39.955454545454536,0.0
138,208.815,C_3,242,7-25,17,0,10.010833333333334,11.306666666666667,11.600000000000001,28.549999999999997,26.324166666666667,51.310833333333335,4.026666666666666,42.22233333333333,0.0
139,168.6,C_3,244,7-27,17,2,10.172857142857143,11.019285714285715,12.620000000000001,30.854285714285716,24.78357142857143,36.37592592592593,4.744074074074074,35.66827586206896,0.0
140,169.08,C_3,245,7-28,17,3,10.626153846153844,12.293846153846154,12.700000000000001,30.616153846153843,36.92692307692308,33.7109375,7.385624999999999,59.53551724137931,0.0
141,235.57,C_3,246,7-29,17,4,10.6,11.733333333333334,11.628333333333332,39.075,27.16,58.48166666666666,5.539166666666667,78.8567741935484,0.0
142,212.61,C_3,247,7-30,17,5,10.985714285714286,11.082857142857142,10.672857142857142,34.480000000000004,23.39428571428571,47.38470588235295,2.591764705882353,56.57931034482758,0.0
143,310.84000000000003,C_3,248,7-31,17,6,10.397499999999999,11.747499999999997,11.845833333333333,28.25833333333334,33.475,31.5737037037037,13.526666666666667,72.2248148148148,0.0
144,220.66500000000002,C_3,249,8-1,17,0,13.343636363636364,10.273636363636363,10.425454545454544,29.189999999999998,37.47909090909091,20.670000000000005,9.329565217391304,51.84703703703703,0.0
145,175.11,C_3,250,8-2,17,1,7.8675,8.6125,8.905000000000001,32.095,22.01,48.31055555555556,4.4816666666666665,44.023225806451606,4.8
146,257.7966666666667,C_3,251,8-3,17,2,10.344999999999999,12.1475,13.357499999999998,31.488750000000003,30.66875,43.10863636363636,7.428181818181819,75.14814814814815,0.0
147,251.76,C_3,252,8-4,17,3,10.219000000000001,11.494,11.428,27.157999999999998,27.321999999999996,43.61333333333334,4.8389999999999995,45.55969696969697,0.0
148,405.3,C_3,253,8-5,17,4,12.356666666666667,13.845833333333333,14.44666666666667,38.62833333333334,33.365833333333335,44.35000000000001,8.025909090909089,68.6745,0.0
149,238.46,C_3,254,8-6,17,5,11.66,13.223749999999999,12.7575,29.64375,24.877499999999998,51.1456,4.8904,42.946774193548386,0.0
150,247.37,C_3,255,8-7,17,6,13.239999999999998,13.8525,14.3975,35.145,39.805,26.004285714285714,3.632857142857143,38.527499999999996,0.0
151,216.75,C_3,257,8-9,17,1,10.455,12.442499999999999,12.782499999999999,28.2025,20.1875,38.35967741935484,13.853548387096772,56.33787234042554,0.0
152,319.23,C_3,258,8-10,17,2,9.053333333333333,10.464444444444446,10.876666666666667,29.50111111111111,33.879999999999995,52.51481481481482,3.2481481481481485,67.06363636363636,0.0
153,214.14000000000001,C_3,259,8-11,17,3,14.354285714285714,10.687142857142858,10.372857142857143,31.417142857142853,37.69142857142857,40.891000000000005,7.949000000000001,62.73882352941176,0.0
154,173.94,C_3,260,8-12,17,4,24.439999999999998,12.340000000000002,10.921666666666667,20.838333333333335,25.24,35.413529411764706,9.538823529411765,52.6015625,0.0
155,338.12,C_3,261,8-13,17,5,9.696666666666667,10.353333333333333,10.676666666666668,26.91,21.110000000000003,25.352222222222224,10.104444444444447,50.301249999999996,0.0
156,211.5,C_3,262,8-14,17,6,8.75,10.72,11.04,25.57,56.04,34.93,8.375,46.64,0.0
157,136.675,C_3,263,8-15,17,0,9.445,9.8175,9.1,20.1325,16.119999999999997,35.20111111111111,3.2722222222222226,45.62571428571429,0.0
158,194.01666666666665,C_3,264,8-16,17,1,10.851666666666667,13.045,13.905,29.276666666666667,42.64333333333334,37.673333333333325,9.323333333333332,29.207692307692305,0.0
159,192.945,C_3,266,8-18,17,3,9.492500000000001,9.51125,9.23875,24.7825,21.4,26.934736842105263,10.718421052631578,29.75310344827586,0.0
160,190.56,C_3,267,8-19,17,4,10.063333333333334,9.84,9.694999999999999,22.97,24.97,35.86058823529412,10.229411764705882,36.08318181818182,0.0
161,131.49,C_3,268,8-20,17,5,12.316666666666668,9.48,9.246666666666666,22.736666666666665,25.416666666666668,20.62875,14.5275,41.02133333333334,0.0
162,140.2,C_3,269,8-21,17,6,8.43857142857143,10.265714285714285,10.795714285714284,33.43714285714286,33.21857142857143,28.36684210526316,6.633684210526315,35.64500000000001,0.0
163,158.04,C_3,272,8-24,17,2,10.1575,10.735,10.125,29.5925,16.1075,26.695999999999998,3.178,31.085555555555555,0.0
164,123.11,C_3,275,8-27,17,5,14.825000000000001,12.385000000000002,8.26,22.875,18.71,27.16090909090909,11.63090909090909,31.471,0.0
165,163.845,C_3,276,8-28,17,6,7.85,12.17,6.82,25.76,41.22,24.429999999999996,13.936666666666667,37.794285714285714,0.0
167,179.46,C_3,286,9-7,17,2,9.408333333333333,9.230000000000002,8.735,20.419999999999998,19.59,21.877857142857145,3.1149999999999998,37.661071428571425,0.0
168,176.06,C_3,287,9-8,17,3,11.33375,9.646249999999998,9.502500000000001,26.56625,24.915,31.209999999999994,6.874090909090909,40.72310344827586,0.0
169,137.29,C_3,288,9-9,17,4,8.905555555555555,9.47888888888889,8.30888888888889,26.311111111111114,33.77571428571428,27.82309523809524,6.103333333333333,37.16333333333333,0.0
170,206.17666666666665,C_3,289,9-10,17,5,10.83529411764706,16.498823529411766,31.370588235294115,77.99176470588235,26.27058823529412,37.42733333333334,5.054777777777779,50.81678571428571,0.0
171,216.09,C_3,290,9-11,17,6,9.79090909090909,10.652272727272727,11.478636363636362,34.57090909090909,40.10809523809524,39.68046875,8.8921875,53.30136363636363,0.0
172,213.26,C_3,291,9-12,17,0,9.32,9.881052631578946,9.655263157894735,22.358947368421052,26.8821052631579,25.35194444444444,5.7891666666666675,35.05235294117648,0.0
173,119.05,C_3,292,9-13,17,1,8.688,9.529,9.646,34.91799999999999,29.7,39.49285714285714,7.316071428571427,43.17257142857142,2.5
174,208.45000000000002,C_3,293,9-14,17,2,11.854000000000001,9.935999999999998,10.6845,39.141,22.6645,35.91129032258065,4.227419354838709,44.95757575757575,2.2
175,127.25999999999999,C_3,297,9-18,17,6,10.253500000000003,10.237,10.2935,23.156499999999998,25.7605,29.784444444444446,6.015833333333334,30.692,0.0
176,215.29,C_3,298,9-19,17,0,9.817499999999999,9.462500000000002,9.875,23.67625,22.502857142857142,23.23434782608696,3.13695652173913,35.51222222222222,0.0
177,154.6,C_3,299,9-20,17,1,9.60125,10.001249999999999,10.135,24.07875,26.471249999999998,37.49769230769231,5.576923076923077,34.0855,0.0
178,187.63333333333333,C_3,300,9-21,17,2,9.04,9.92125,9.42625,23.294374999999995,26.49642857142857,26.895675675675673,9.538648648648648,39.84865384615385,0.0
179,166.075,C_3,301,9-22,17,3,11.104285714285714,9.684999999999999,9.980714285714285,25.05785714285714,21.655714285714286,27.923250000000003,6.538499999999999,43.22666666666666,0.0
180,164.08,C_3,302,9-23,17,4,8.355555555555554,8.85222222222222,9.080000000000002,25.423333333333332,25.023333333333333,33.0454347826087,3.7745652173913045,37.476470588235294,0.0
181,161.40333333333334,C_3,303,9-24,17,5,12.324736842105263,11.279473684210524,10.996842105263157,48.67473684210527,26.40105263157895,24.18,5.9605,45.88400000000001,0.0
182,199.87,C_3,304,9-25,17,6,12.249714285714285,10.913142857142857,10.458285714285713,34.76342857142856,32.50939393939394,33.7945945945946,4.458630136986301,43.28328358208955,0.0
183,225.49,C_3,305,9-26,17,0,12.104705882352942,10.147647058823528,10.124117647058824,22.370000000000005,20.251875,28.48022222222222,5.73311111111111,42.74509433962263,0.0
184,176.39333333333332,C_3,306,9-27,17,1,10.187333333333335,10.593333333333334,22.503333333333337,51.95333333333333,29.85,23.663529411764706,3.697058823529412,33.13673913043478,0.0
185,181.86666666666667,C_3,307,9-28,17,2,15.731333333333334,9.75,10.212,27.221333333333334,31.805333333333333,26.118484848484847,5.7209375,36.59264150943396,1.8
186,180.755,C_3,308,9-29,17,3,17.710833333333333,10.59,9.917499999999999,23.2175,23.875833333333333,35.409130434782604,6.049777777777777,42.21,0.3
187,204.32666666666668,C_3,309,9-30,17,4,10.877142857142857,9.626785714285715,9.764999999999999,43.28464285714285,45.004230769230766,44.0258064516129,6.27956989247312,49.5296875,0.0
188,161.155,C_3,318,10-8,17,5,9.422857142857143,9.311428571428571,9.317142857142857,24.142380952380954,23.145499999999995,19.162432432432432,4.696486486486487,36.31227272727273,0.0
189,180.7,C_3,319,10-9,17,6,10.541875000000001,9.77875,9.913125,23.863124999999997,30.18625,26.767692307692304,6.884615384615385,37.83775,0.0
190,172.8066666666667,C_3,320,10-10,17,0,8.785,15.578125,10.747499999999999,23.509375,28.17214285714286,28.44742857142857,4.991714285714286,34.3175,0.0
191,200.73,C_3,321,10-11,17,1,9.693333333333333,9.357083333333334,9.270000000000001,23.151666666666667,30.985909090909093,32.258809523809525,6.382380952380952,33.54877551020408,0.0
192,172.315,C_3,322,10-12,17,2,10.374166666666666,10.899166666666668,10.455833333333333,25.527500000000003,32.38583333333333,27.18396226415094,5.836415094339624,36.363934426229505,0.0
193,169.32999999999998,C_3,323,10-13,17,3,10.207777777777778,10.19888888888889,9.459444444444443,25.429444444444446,26.491111111111113,27.915263157894735,5.809736842105264,36.82358490566038,0.0
194,267.36333333333334,C_3,324,10-14,17,4,10.505,10.824444444444445,11.251666666666667,32.19611111111111,26.56235294117647,27.03677966101695,5.388474576271186,34.03460317460318,0.0
195,153.46666666666667,C_3,325,10-15,17,5,15.504347826086958,11.125217391304348,9.38,32.82826086956522,30.84695652173913,38.169836065573776,13.747833333333334,38.534492753623184,0.0
196,194.87333333333333,C_3,326,10-16,17,6,12.878695652173912,11.30391304347826,17.22913043478261,44.479130434782604,24.540454545454544,25.189215686274512,5.165294117647059,35.5395,0.0
197,122.02,C_3,327,10-17,17,0,9.550588235294118,10.100588235294119,9.81,25.767647058823528,21.171764705882353,32.86829268292683,3.9978048780487803,32.58795454545455,0.0
198,188.46666666666667,C_3,236,7-19,18,1,9.201428571428574,9.845714285714283,10.291428571428572,28.467142857142854,24.79285714285714,38.40212121212121,5.886969696969698,42.71925,0.0
199,156.08,C_3,237,7-20,18,2,12.948333333333332,11.533333333333333,10.800000000000002,35.964999999999996,27.2225,33.75521739130435,7.023478260869564,34.64033333333334,0.0
200,191.35,C_3,238,7-21,18,3,11.675999999999998,13.831999999999999,14.288,34.998,25.810000000000002,41.409444444444446,5.6033333333333335,43.14,0.0
201,137.65,C_3,239,7-22,18,4,9.936666666666667,11.575000000000001,12.03,28.25666666666667,22.41333333333333,37.425000000000004,6.679090909090909,42.569,0.0
202,170.20499999999998,C_3,240,7-23,18,5,12.758,11.802,11.413,29.921999999999997,30.901999999999997,53.87555555555555,8.231481481481481,39.292432432432435,0.0
203,240.615,C_3,241,7-24,18,6,10.034444444444444,10.905555555555557,11.165555555555555,56.900000000000006,31.432222222222215,35.87766666666667,8.871666666666668,39.955454545454536,0.0
204,206.16,C_3,242,7-25,18,0,10.010833333333334,11.306666666666667,11.600000000000001,28.549999999999997,26.324166666666667,51.310833333333335,4.026666666666666,42.22233333333333,0.0
205,166.52,C_3,243,7-26,18,1,15.23125,13.23125,13.44,26.94625,26.49875,31.08370370370371,12.52814814814815,39.327441860465115,0.0
206,312.055,C_3,244,7-27,18,2,10.172857142857143,11.019285714285715,12.620000000000001,30.854285714285716,24.78357142857143,36.37592592592593,4.744074074074074,35.66827586206896,0.0
207,143.57999999999998,C_3,245,7-28,18,3,10.626153846153844,12.293846153846154,12.700000000000001,30.616153846153843,36.92692307692308,33.7109375,7.385624999999999,59.53551724137931,0.0
208,138.2,C_3,246,7-29,18,4,10.6,11.733333333333334,11.628333333333332,39.075,27.16,58.48166666666666,5.539166666666667,78.8567741935484,0.0
209,198.46,C_3,247,7-30,18,5,10.985714285714286,11.082857142857142,10.672857142857142,34.480000000000004,23.39428571428571,47.38470588235295,2.591764705882353,56.57931034482758,0.0
210,212.64999999999998,C_3,248,7-31,18,6,10.397499999999999,11.747499999999997,11.845833333333333,28.25833333333334,33.475,31.5737037037037,13.526666666666667,72.2248148148148,0.0
211,221.05,C_3,249,8-1,18,0,13.343636363636364,10.273636363636363,10.425454545454544,29.189999999999998,37.47909090909091,20.670000000000005,9.329565217391304,51.84703703703703,0.0
212,240.175,C_3,250,8-2,18,1,7.8675,8.6125,8.905000000000001,32.095,22.01,48.31055555555556,4.4816666666666665,44.023225806451606,3.6
213,223.61,C_3,251,8-3,18,2,10.344999999999999,12.1475,13.357499999999998,31.488750000000003,30.66875,43.10863636363636,7.428181818181819,75.14814814814815,0.0
214,177.4,C_3,252,8-4,18,3,10.219000000000001,11.494,11.428,27.157999999999998,27.321999999999996,43.61333333333334,4.8389999999999995,45.55969696969697,0.0
215,211.8166666666667,C_3,253,8-5,18,4,12.356666666666667,13.845833333333333,14.44666666666667,38.62833333333334,33.365833333333335,44.35000000000001,8.025909090909089,68.6745,0.0
216,186.5,C_3,254,8-6,18,5,11.66,13.223749999999999,12.7575,29.64375,24.877499999999998,51.1456,4.8904,42.946774193548386,0.0
217,242.23499999999999,C_3,255,8-7,18,6,13.239999999999998,13.8525,14.3975,35.145,39.805,26.004285714285714,3.632857142857143,38.527499999999996,0.0
218,120.87,C_3,257,8-9,18,1,10.455,12.442499999999999,12.782499999999999,28.2025,20.1875,38.35967741935484,13.853548387096772,56.33787234042554,0.0
219,224.46,C_3,258,8-10,18,2,9.053333333333333,10.464444444444446,10.876666666666667,29.50111111111111,33.879999999999995,52.51481481481482,3.2481481481481485,67.06363636363636,0.0
220,192.82,C_3,259,8-11,18,3,14.354285714285714,10.687142857142858,10.372857142857143,31.417142857142853,37.69142857142857,40.891000000000005,7.949000000000001,62.73882352941176,0.0
221,218.04,C_3,260,8-12,18,4,24.439999999999998,12.340000000000002,10.921666666666667,20.838333333333335,25.24,35.413529411764706,9.538823529411765,52.6015625,0.0
222,154.97,C_3,262,8-14,18,6,8.75,10.72,11.04,25.57,56.04,34.93,8.375,46.64,0.0
223,183.93,C_3,263,8-15,18,0,9.445,9.8175,9.1,20.1325,16.119999999999997,35.20111111111111,3.2722222222222226,45.62571428571429,0.0
224,195.9,C_3,264,8-16,18,1,10.851666666666667,13.045,13.905,29.276666666666667,42.64333333333334,37.673333333333325,9.323333333333332,29.207692307692305,0.0
225,147.42,C_3,265,8-17,18,2,8.724285714285715,9.911428571428571,9.882857142857143,23.62142857142857,18.81714285714286,42.751333333333335,3.8286666666666673,37.47923076923077,0.0
226,171.4,C_3,266,8-18,18,3,9.492500000000001,9.51125,9.23875,24.7825,21.4,26.934736842105263,10.718421052631578,29.75310344827586,0.0
227,177.26666666666665,C_3,267,8-19,18,4,10.063333333333334,9.84,9.694999999999999,22.97,24.97,35.86058823529412,10.229411764705882,36.08318181818182,0.0
228,201.59,C_3,268,8-20,18,5,12.316666666666668,9.48,9.246666666666666,22.736666666666665,25.416666666666668,20.62875,14.5275,41.02133333333334,0.0
229,164.86,C_3,269,8-21,18,6,8.43857142857143,10.265714285714285,10.795714285714284,33.43714285714286,33.21857142857143,28.36684210526316,6.633684210526315,35.64500000000001,0.0
230,192.34,C_3,270,8-22,18,0,9.065000000000001,10.370000000000001,10.27,23.22,20.104999999999997,42.45777777777778,3.6722222222222225,36.2425,0.0
231,129.54,C_3,271,8-23,18,1,7.6899999999999995,8.55,8.24,21.2,14.35,35.30833333333334,8.855833333333333,33.40190476190477,0.0
232,171.65,C_3,273,8-25,18,3,13.23,15.0475,14.5625,31.495,29.8425,51.943333333333335,9.174000000000001,35.081818181818186,0.0
233,227.34,C_3,274,8-26,18,4,12.02,10.97,9.69,21.69,17.24,34.354285714285716,14.659285714285714,29.65434782608696,0.0
234,198.84,C_3,283,9-4,18,6,6.27,8.379999999999999,8.055,18.56,31.145,32.0,2.4266666666666667,32.17333333333334,0.0
235,130.54,C_3,285,9-6,18,1,8.840000000000002,9.09,8.553333333333333,31.13666666666667,18.58,24.697777777777777,3.994444444444445,44.382222222222225,0.3
236,115.0,C_3,286,9-7,18,2,9.408333333333333,9.230000000000002,8.735,20.419999999999998,19.59,21.877857142857145,3.1149999999999998,37.661071428571425,0.0
237,195.59,C_3,287,9-8,18,3,11.33375,9.646249999999998,9.502500000000001,26.56625,24.915,31.209999999999994,6.874090909090909,40.72310344827586,0.0
238,169.4466666666667,C_3,288,9-9,18,4,8.905555555555555,9.47888888888889,8.30888888888889,26.311111111111114,33.77571428571428,27.82309523809524,6.103333333333333,37.16333333333333,0.0
239,206.04,C_3,289,9-10,18,5,10.83529411764706,16.498823529411766,31.370588235294115,77.99176470588235,26.27058823529412,37.42733333333334,5.054777777777779,50.81678571428571,0.1
240,314.24,C_3,290,9-11,18,6,9.79090909090909,10.652272727272727,11.478636363636362,34.57090909090909,40.10809523809524,39.68046875,8.8921875,53.30136363636363,0.0
241,146.66333333333333,C_3,291,9-12,18,0,9.32,9.881052631578946,9.655263157894735,22.358947368421052,26.8821052631579,25.35194444444444,5.7891666666666675,35.05235294117648,0.0
242,282.93666666666667,C_3,292,9-13,18,1,8.688,9.529,9.646,34.91799999999999,29.7,39.49285714285714,7.316071428571427,43.17257142857142,0.0
243,197.11333333333334,C_3,293,9-14,18,2,11.854000000000001,9.935999999999998,10.6845,39.141,22.6645,35.91129032258065,4.227419354838709,44.95757575757575,0.2
244,198.19,C_3,297,9-18,18,6,10.253500000000003,10.237,10.2935,23.156499999999998,25.7605,29.784444444444446,6.015833333333334,30.692,0.0
245,172.32999999999998,C_3,298,9-19,18,0,9.817499999999999,9.462500000000002,9.875,23.67625,22.502857142857142,23.23434782608696,3.13695652173913,35.51222222222222,0.0
246,174.05,C_3,299,9-20,18,1,9.60125,10.001249999999999,10.135,24.07875,26.471249999999998,37.49769230769231,5.576923076923077,34.0855,0.0
247,168.39,C_3,300,9-21,18,2,9.04,9.92125,9.42625,23.294374999999995,26.49642857142857,26.895675675675673,9.538648648648648,39.84865384615385,0.0
248,173.40333333333334,C_3,301,9-22,18,3,11.104285714285714,9.684999999999999,9.980714285714285,25.05785714285714,21.655714285714286,27.923250000000003,6.538499999999999,43.22666666666666,0.0
249,183.43,C_3,302,9-23,18,4,8.355555555555554,8.85222222222222,9.080000000000002,25.423333333333332,25.023333333333333,33.0454347826087,3.7745652173913045,37.476470588235294,0.0
250,190.42333333333332,C_3,303,9-24,18,5,12.324736842105263,11.279473684210524,10.996842105263157,48.67473684210527,26.40105263157895,24.18,5.9605,45.88400000000001,0.0
251,262.725,C_3,304,9-25,18,6,12.249714285714285,10.913142857142857,10.458285714285713,34.76342857142856,32.50939393939394,33.7945945945946,4.458630136986301,43.28328358208955,0.0
252,193.38,C_3,305,9-26,18,0,12.104705882352942,10.147647058823528,10.124117647058824,22.370000000000005,20.251875,28.48022222222222,5.73311111111111,42.74509433962263,0.0
253,163.89999999999998,C_3,306,9-27,18,1,10.187333333333335,10.593333333333334,22.503333333333337,51.95333333333333,29.85,23.663529411764706,3.697058823529412,33.13673913043478,1.2
254,307.935,C_3,307,9-28,18,2,15.731333333333334,9.75,10.212,27.221333333333334,31.805333333333333,26.118484848484847,5.7209375,36.59264150943396,1.2
255,189.05,C_3,308,9-29,18,3,17.710833333333333,10.59,9.917499999999999,23.2175,23.875833333333333,35.409130434782604,6.049777777777777,42.21,0.2
256,233.67,C_3,309,9-30,18,4,10.877142857142857,9.626785714285715,9.764999999999999,43.28464285714285,45.004230769230766,44.0258064516129,6.27956989247312,49.5296875,0.0
257,150.485,C_3,318,10-8,18,5,9.422857142857143,9.311428571428571,9.317142857142857,24.142380952380954,23.145499999999995,19.162432432432432,4.696486486486487,36.31227272727273,0.0
258,182.425,C_3,319,10-9,18,6,10.541875000000001,9.77875,9.913125,23.863124999999997,30.18625,26.767692307692304,6.884615384615385,37.83775,0.0
259,155.4,C_3,320,10-10,18,0,8.785,15.578125,10.747499999999999,23.509375,28.17214285714286,28.44742857142857,4.991714285714286,34.3175,0.0
260,229.61,C_3,321,10-11,18,1,9.693333333333333,9.357083333333334,9.270000000000001,23.151666666666667,30.985909090909093,32.258809523809525,6.382380952380952,33.54877551020408,0.0
261,181.39,C_3,322,10-12,18,2,10.374166666666666,10.899166666666668,10.455833333333333,25.527500000000003,32.38583333333333,27.18396226415094,5.836415094339624,36.363934426229505,0.0
262,178.66,C_3,323,10-13,18,3,10.207777777777778,10.19888888888889,9.459444444444443,25.429444444444446,26.491111111111113,27.915263157894735,5.809736842105264,36.82358490566038,0.0
263,170.59,C_3,324,10-14,18,4,10.505,10.824444444444445,11.251666666666667,32.19611111111111,26.56235294117647,27.03677966101695,5.388474576271186,34.03460317460318,0.0
264,250.595,C_3,325,10-15,18,5,15.504347826086958,11.125217391304348,9.38,32.82826086956522,30.84695652173913,38.169836065573776,13.747833333333334,38.534492753623184,0.0
265,138.03666666666666,C_3,326,10-16,18,6,12.878695652173912,11.30391304347826,17.22913043478261,44.479130434782604,24.540454545454544,25.189215686274512,5.165294117647059,35.5395,0.0
266,350.115,C_3,327,10-17,18,0,9.550588235294118,10.100588235294119,9.81,25.767647058823528,21.171764705882353,32.86829268292683,3.9978048780487803,32.58795454545455,0.0
