,label,route,calculated_day,date,hr,weekday,110,123,107,108,120,117,precipitation
0,76.83,A_2,236,7-19,8,1,13.638,7.109,4.83875,10.0735,1.1703448275862067,36.16793103448276,0.0
1,134.73,A_2,237,7-20,8,2,16.28648648648649,8.702432432432431,5.598918918918919,6.230540540540542,1.1875,46.46035714285715,0.0
2,113.90333333333332,A_2,238,7-21,8,3,17.050545454545453,9.514363636363633,6.6303636363636365,9.572545454545455,1.5106976744186045,53.234186046511624,0.0
3,73.60666666666667,A_2,239,7-22,8,4,13.734418604651161,7.742558139534884,5.427209302325582,5.768372093023256,2.836111111111111,61.35111111111111,0.0
4,93.91333333333334,A_2,240,7-23,8,5,13.598125000000001,6.9852083333333335,4.688958333333333,4.9725,0.8487096774193548,51.927096774193544,0.0
5,66.76,A_2,241,7-24,8,6,11.549615384615386,6.676153846153846,4.806538461538462,6.670384615384616,1.1774999999999998,41.07000000000001,0.0
6,158.44,A_2,242,7-25,8,0,12.39125,7.460416666666667,5.4025,6.876666666666666,1.1366666666666665,67.47666666666667,0.0
7,87.35666666666667,A_2,243,7-26,8,1,12.96891891891892,7.8802702702702705,6.013783783783784,5.531621621621621,3.88741935483871,42.97032258064515,0.0
8,126.57000000000001,A_2,244,7-27,8,2,13.269499999999999,7.5230000000000015,5.03375,6.14425,1.3083333333333333,58.010666666666665,0.0
9,79.42666666666666,A_2,245,7-28,8,3,13.58529411764706,8.02764705882353,4.848529411764706,6.291176470588236,1.2389473684210526,44.801052631578955,0.0
10,112.48666666666668,A_2,246,7-29,8,4,12.924999999999999,7.026363636363637,9.28227272727273,5.754999999999999,0.9261290322580645,26.40870967741935,0.0
11,89.17999999999999,A_2,247,7-30,8,5,11.243611111111111,6.119166666666667,3.966111111111112,4.916944444444443,0.87,36.554,0.0
12,67.95666666666666,A_2,248,7-31,8,6,11.323478260869566,5.756521739130435,4.006086956521739,5.147826086956521,0.9099999999999999,32.620625000000004,0.0
13,114.39666666666666,A_2,249,8-1,8,0,16.359333333333332,8.124,6.989333333333334,6.173333333333333,1.1532608695652173,64.295,0.0
14,93.74333333333334,A_2,250,8-2,8,1,17.381555555555558,7.666444444444445,6.777555555555556,5.840222222222223,1.2803333333333333,53.816333333333326,0.0
15,130.27333333333334,A_2,251,8-3,8,2,12.141944444444444,7.220277777777778,6.302499999999999,5.416111111111111,1.0617391304347827,35.2695652173913,0.0
16,85.25333333333333,A_2,252,8-4,8,3,14.995277777777776,7.3036111111111115,5.913611111111111,6.216666666666667,1.0246153846153847,41.24615384615385,0.0
17,84.69999999999999,A_2,253,8-5,8,4,13.96,6.498857142857143,5.158285714285714,4.885428571428571,0.7725000000000001,23.8785,0.0
18,64.79333333333334,A_2,254,8-6,8,5,12.476315789473682,7.065263157894737,4.741315789473686,4.987894736842105,0.8045161290322579,37.46677419354839,2.0
19,58.50666666666666,A_2,255,8-7,8,6,12.37125,6.055937500000001,3.8709374999999997,4.8690625,0.8045454545454546,21.36363636363636,0.0
20,113.07333333333334,A_2,256,8-8,8,0,13.159047619047621,7.560238095238095,4.979047619047619,5.445476190476191,0.9194117647058823,30.601470588235294,0.0
21,109.54333333333334,A_2,257,8-9,8,1,12.58,7.259677419354837,4.743225806451614,5.747096774193548,0.9424999999999999,28.818,0.0
22,67.11,A_2,258,8-10,8,2,12.698888888888892,7.881944444444446,5.033055555555555,8.04861111111111,4.684230769230769,32.93653846153846,0.0
23,60.31666666666666,A_2,259,8-11,8,3,14.636764705882355,6.324117647058824,5.521470588235294,4.733823529411766,0.8375,31.53791666666667,0.0
24,75.32666666666667,A_2,260,8-12,8,4,14.095,5.924,4.004666666666666,4.969333333333334,0.9109999999999998,24.665,0.0
25,85.58,A_2,261,8-13,8,5,11.916875000000001,6.3896875,4.699032258064515,5.4434375,0.9399999999999998,41.43879999999999,0.0
26,76.47666666666667,A_2,262,8-14,8,6,11.826956521739133,6.164347826086956,3.9052173913043475,4.760434782608696,0.8192857142857143,18.724285714285713,0.0
27,89.64666666666666,A_2,263,8-15,8,0,11.948620689655172,7.065862068965518,4.431034482758622,4.900344827586205,0.7993750000000001,31.765625,0.0
28,65.63333333333334,A_2,264,8-16,8,1,12.07138888888889,6.675833333333333,4.272222222222222,5.145555555555556,0.8075999999999999,28.242000000000004,0.0
29,81.55666666666666,A_2,265,8-17,8,2,15.307441860465117,7.431627906976744,4.443488372093023,5.326976744186046,0.952,33.13285714285714,0.0
30,66.73,A_2,266,8-18,8,3,13.584857142857144,5.608,3.6388571428571423,4.462,0.841,25.365000000000002,0.0
31,70.04,A_2,267,8-19,8,4,11.91945945945946,5.72135135135135,3.674594594594595,5.43972972972973,0.9903846153846154,28.15653846153846,0.0
32,79.16000000000001,A_2,268,8-20,8,5,11.600465116279072,6.170000000000002,4.204761904761905,5.429285714285713,0.9338709677419355,44.9309375,0.0
33,58.82333333333333,A_2,269,8-21,8,6,12.449047619047619,6.17,4.140952380952381,4.661428571428571,0.9275000000000002,33.73416666666667,0.0
34,68.32000000000001,A_2,270,8-22,8,0,10.955217391304348,8.901304347826086,3.7330434782608704,4.528260869565217,0.761875,22.529374999999998,0.0
35,66.56333333333333,A_2,271,8-23,8,1,11.972777777777777,6.491666666666667,3.779722222222222,4.824166666666667,3.4652,27.2256,0.0
36,62.833333333333336,A_2,272,8-24,8,2,12.061290322580646,5.208387096774195,3.327096774193549,4.505483870967741,0.8711764705882353,33.46941176470588,0.0
37,78.09333333333335,A_2,273,8-25,8,3,13.14282608695652,6.426956521739132,4.602173913043478,4.945434782608696,0.9517857142857142,25.22,0.0
38,75.20333333333333,A_2,274,8-26,8,4,12.332,5.8092,3.8243999999999994,4.6024,0.8270588235294117,20.595882352941175,0.0
39,97.52999999999999,A_2,275,8-27,8,5,10.923809523809524,5.620952380952381,4.7509523809523815,4.212857142857143,0.7069230769230768,23.214615384615385,0.0
40,77.12333333333332,A_2,276,8-28,8,6,10.045454545454547,5.624545454545455,3.6281818181818184,4.421818181818182,0.8466666666666667,32.11833333333333,0.0
41,142.47333333333333,A_2,277,8-29,8,0,14.039200000000001,7.5116,4.5416,5.5788,0.964375,40.973125,0.0
42,92.72666666666667,A_2,278,8-30,8,1,13.670000000000002,6.341764705882353,4.30264705882353,8.18764705882353,1.2195454545454545,45.51090909090909,0.0
43,126.58999999999999,A_2,279,8-31,8,2,16.897,12.456999999999999,6.752333333333334,13.300666666666666,1.2268181818181818,40.42636363636363,0.0
44,85.83,A_2,280,9-1,8,3,13.50690476190476,5.786666666666667,3.9261904761904756,8.10357142857143,0.8453571428571428,44.049642857142864,0.0
45,94.04,A_2,281,9-2,8,4,11.336666666666666,5.0826190476190485,4.57452380952381,4.422142857142857,0.7886206896551724,43.2844827586207,0.0
46,76.21666666666665,A_2,282,9-3,8,5,11.390943396226415,5.491698113207547,4.716037735849057,6.219811320754719,0.8284615384615385,36.69410256410256,0.0
47,63.54999999999999,A_2,283,9-4,8,6,9.009166666666667,4.7283333333333335,3.358333333333333,4.344166666666667,0.8175,28.807499999999997,0.0
48,72.86,A_2,284,9-5,8,0,12.582105263157896,4.185789473684211,2.8599999999999994,4.128947368421053,0.757,23.73,0.0
49,49.52,A_2,285,9-6,8,1,9.906363636363636,5.074545454545455,5.1499999999999995,8.153636363636364,0.7442857142857141,24.490000000000002,0.0
50,66.42666666666666,A_2,286,9-7,8,2,13.969130434782612,5.940434782608696,6.0160869565217405,4.661739130434783,0.7835294117647059,44.607647058823524,0.0
51,67.32666666666667,A_2,287,9-8,8,3,14.980714285714285,6.854285714285715,4.398928571428571,5.0874999999999995,0.8688235294117648,19.051764705882352,0.0
52,76.08666666666667,A_2,288,9-9,8,4,15.008500000000002,7.74075,5.202,6.9375,1.1633333333333333,45.031666666666666,0.0
53,81.20333333333333,A_2,289,9-10,8,5,13.3728,6.0148,4.244000000000001,5.1488,0.7000000000000001,21.592142857142857,0.0
54,102.56666666666666,A_2,290,9-11,8,6,12.494130434782607,6.562826086956521,4.305434782608696,11.905217391304348,1.2059375,33.610625,0.0
55,91.09333333333332,A_2,291,9-12,8,0,13.767666666666665,6.074,3.9230000000000005,4.748,0.77,25.75611111111111,0.0
56,63.38666666666666,A_2,292,9-13,8,1,16.928214285714287,11.88642857142857,6.2807407407407405,7.195555555555556,1.0539999999999998,26.398500000000002,0.0
57,65.15666666666667,A_2,293,9-14,8,2,14.313448275862067,6.708965517241379,5.214827586206897,5.424482758620689,0.9883333333333335,29.689444444444444,0.8
58,63.21333333333333,A_2,297,9-18,8,6,16.469772727272726,7.229318181818181,4.4725,5.1925,0.8937931034482758,30.02206896551724,0.0
59,78.12333333333333,A_2,298,9-19,8,0,12.014857142857142,7.000571428571428,4.315714285714286,5.315142857142857,0.9241666666666668,37.88833333333333,0.0
60,68.16000000000001,A_2,299,9-20,8,1,15.436842105263155,7.334210526315791,4.01421052631579,6.131842105263158,0.6159090909090909,23.468181818181822,0.0
61,59.35333333333333,A_2,300,9-21,8,2,15.205263157894736,8.017631578947368,4.8802631578947375,5.405263157894736,1.5370833333333334,39.07416666666666,0.0
62,68.01666666666667,A_2,301,9-22,8,3,12.356774193548388,6.627096774193549,4.300645161290323,4.629354838709677,0.8261111111111111,23.45111111111111,0.0
63,72.0,A_2,302,9-23,8,4,17.017111111111113,8.006888888888888,5.199777777777777,5.982,0.9509677419354837,35.15548387096775,0.0
64,65.45,A_2,303,9-24,8,5,12.802909090909093,6.762545454545455,4.319272727272728,5.171818181818182,0.8458536585365853,29.95487804878049,0.0
65,68.25333333333333,A_2,304,9-25,8,6,12.744634146341465,6.419024390243902,4.505121951219512,5.293170731707317,0.8529166666666667,29.9525,0.0
66,102.83999999999999,A_2,305,9-26,8,0,14.260243902439024,9.280731707317074,5.479756097560975,7.499756097560976,1.2539285714285715,28.53392857142857,0.0
67,90.84666666666665,A_2,306,9-27,8,1,14.59871794871795,10.04948717948718,6.302368421052631,6.41342105263158,1.01,32.855555555555554,0.0
68,68.32,A_2,307,9-28,8,2,12.333488372093024,6.3858139534883716,4.147906976744187,5.213953488372093,0.8748275862068966,27.56034482758621,5.5
69,107.21,A_2,308,9-29,8,3,13.0240625,8.567812499999999,4.4809375,8.268437500000001,0.8987499999999999,24.409375,0.1
70,87.79,A_2,309,9-30,8,4,15.342666666666666,7.128444444444444,4.408444444444443,5.403111111111111,0.8200000000000001,25.82038461538461,0.0
71,68.8,A_2,318,10-8,8,5,12.245581395348836,6.800697674418605,4.286046511627907,5.365581395348837,0.859375,27.1340625,0.0
72,75.89333333333333,A_2,319,10-9,8,6,16.109,7.29825,4.3534999999999995,4.869,0.7513636363636365,20.788181818181815,0.0
73,78.12666666666667,A_2,320,10-10,8,0,15.293809523809525,9.673333333333334,5.642539682539683,8.499523809523808,0.9488000000000001,36.8734,0.0
74,69.33,A_2,321,10-11,8,1,13.055777777777775,7.725777777777778,4.928000000000001,5.401555555555556,1.0308333333333335,28.49083333333333,0.0
75,78.29333333333334,A_2,322,10-12,8,2,12.70560975609756,7.685609756097561,5.136097560975609,5.425853658536585,0.9092307692307693,24.85615384615384,0.0
76,91.18666666666665,A_2,323,10-13,8,3,14.469142857142856,8.34842857142857,4.283142857142857,5.421571428571428,0.8974,35.2538,0.0
77,90.04333333333334,A_2,324,10-14,8,4,12.906530612244897,6.7942857142857145,4.563877551020408,5.194583333333333,0.9883333333333333,30.11516129032258,0.0
78,100.76666666666667,A_2,325,10-15,8,5,15.1018,5.8588,4.054489795918368,4.892857142857143,0.760625,32.275151515151514,0.1
79,77.58333333333333,A_2,326,10-16,8,6,12.365740740740739,6.898888888888889,4.297962962962963,4.839259259259259,0.7843333333333332,30.025666666666663,0.0
80,98.47333333333334,A_2,327,10-17,8,0,13.218222222222224,7.939111111111111,5.543111111111111,5.650888888888888,0.9015384615384616,27.907692307692308,0.0
81,75.05333333333333,A_2,236,7-19,9,1,13.638,7.109,4.83875,10.0735,1.1703448275862067,36.16793103448276,0.0
82,34.12,A_2,237,7-20,9,2,16.28648648648649,8.702432432432431,5.598918918918919,6.230540540540542,1.1875,46.46035714285715,0.0
83,90.95,A_2,238,7-21,9,3,17.050545454545453,9.514363636363633,6.6303636363636365,9.572545454545455,1.5106976744186045,53.234186046511624,0.0
84,72.31333333333333,A_2,239,7-22,9,4,13.734418604651161,7.742558139534884,5.427209302325582,5.768372093023256,2.836111111111111,61.35111111111111,0.0
85,155.10666666666665,A_2,240,7-23,9,5,13.598125000000001,6.9852083333333335,4.688958333333333,4.9725,0.8487096774193548,51.927096774193544,0.0
86,70.05333333333334,A_2,241,7-24,9,6,11.549615384615386,6.676153846153846,4.806538461538462,6.670384615384616,1.1774999999999998,41.07000000000001,0.0
87,81.29333333333334,A_2,242,7-25,9,0,12.39125,7.460416666666667,5.4025,6.876666666666666,1.1366666666666665,67.47666666666667,0.0
88,86.91000000000001,A_2,243,7-26,9,1,12.96891891891892,7.8802702702702705,6.013783783783784,5.531621621621621,3.88741935483871,42.97032258064515,0.0
89,72.61666666666666,A_2,244,7-27,9,2,13.269499999999999,7.5230000000000015,5.03375,6.14425,1.3083333333333333,58.010666666666665,0.0
90,91.55,A_2,245,7-28,9,3,13.58529411764706,8.02764705882353,4.848529411764706,6.291176470588236,1.2389473684210526,44.801052631578955,0.0
91,81.88666666666667,A_2,246,7-29,9,4,12.924999999999999,7.026363636363637,9.28227272727273,5.754999999999999,0.9261290322580645,26.40870967741935,0.0
92,102.39333333333332,A_2,247,7-30,9,5,11.243611111111111,6.119166666666667,3.966111111111112,4.916944444444443,0.87,36.554,0.0
93,65.05,A_2,248,7-31,9,6,11.323478260869566,5.756521739130435,4.006086956521739,5.147826086956521,0.9099999999999999,32.620625000000004,0.0
94,68.17,A_2,249,8-1,9,0,16.359333333333332,8.124,6.989333333333334,6.173333333333333,1.1532608695652173,64.295,0.0
95,102.58333333333333,A_2,250,8-2,9,1,17.381555555555558,7.666444444444445,6.777555555555556,5.840222222222223,1.2803333333333333,53.816333333333326,0.0
96,84.57666666666667,A_2,251,8-3,9,2,12.141944444444444,7.220277777777778,6.302499999999999,5.416111111111111,1.0617391304347827,35.2695652173913,0.0
97,112.86000000000001,A_2,252,8-4,9,3,14.995277777777776,7.3036111111111115,5.913611111111111,6.216666666666667,1.0246153846153847,41.24615384615385,0.7
98,78.30999999999999,A_2,253,8-5,9,4,13.96,6.498857142857143,5.158285714285714,4.885428571428571,0.7725000000000001,23.8785,0.0
99,111.28,A_2,254,8-6,9,5,12.476315789473682,7.065263157894737,4.741315789473686,4.987894736842105,0.8045161290322579,37.46677419354839,0.0
100,85.39333333333333,A_2,255,8-7,9,6,12.37125,6.055937500000001,3.8709374999999997,4.8690625,0.8045454545454546,21.36363636363636,0.0
101,77.38,A_2,256,8-8,9,0,13.159047619047621,7.560238095238095,4.979047619047619,5.445476190476191,0.9194117647058823,30.601470588235294,0.0
102,76.76666666666667,A_2,257,8-9,9,1,12.58,7.259677419354837,4.743225806451614,5.747096774193548,0.9424999999999999,28.818,2.7
103,79.45333333333333,A_2,258,8-10,9,2,12.698888888888892,7.881944444444446,5.033055555555555,8.04861111111111,4.684230769230769,32.93653846153846,0.0
104,88.00666666666667,A_2,259,8-11,9,3,14.636764705882355,6.324117647058824,5.521470588235294,4.733823529411766,0.8375,31.53791666666667,0.0
105,59.76666666666666,A_2,260,8-12,9,4,14.095,5.924,4.004666666666666,4.969333333333334,0.9109999999999998,24.665,0.0
106,91.64666666666666,A_2,261,8-13,9,5,11.916875000000001,6.3896875,4.699032258064515,5.4434375,0.9399999999999998,41.43879999999999,0.0
107,84.52,A_2,262,8-14,9,6,11.826956521739133,6.164347826086956,3.9052173913043475,4.760434782608696,0.8192857142857143,18.724285714285713,0.0
108,94.17,A_2,263,8-15,9,0,11.948620689655172,7.065862068965518,4.431034482758622,4.900344827586205,0.7993750000000001,31.765625,0.0
109,95.41000000000001,A_2,264,8-16,9,1,12.07138888888889,6.675833333333333,4.272222222222222,5.145555555555556,0.8075999999999999,28.242000000000004,0.0
110,64.20333333333333,A_2,265,8-17,9,2,15.307441860465117,7.431627906976744,4.443488372093023,5.326976744186046,0.952,33.13285714285714,0.0
111,81.45333333333333,A_2,266,8-18,9,3,13.584857142857144,5.608,3.6388571428571423,4.462,0.841,25.365000000000002,0.0
112,91.00666666666666,A_2,267,8-19,9,4,11.91945945945946,5.72135135135135,3.674594594594595,5.43972972972973,0.9903846153846154,28.15653846153846,0.0
113,91.78666666666668,A_2,268,8-20,9,5,11.600465116279072,6.170000000000002,4.204761904761905,5.429285714285713,0.9338709677419355,44.9309375,0.0
114,67.78,A_2,269,8-21,9,6,12.449047619047619,6.17,4.140952380952381,4.661428571428571,0.9275000000000002,33.73416666666667,27.2
115,55.586666666666666,A_2,270,8-22,9,0,10.955217391304348,8.901304347826086,3.7330434782608704,4.528260869565217,0.761875,22.529374999999998,0.0
116,55.76333333333334,A_2,271,8-23,9,1,11.972777777777777,6.491666666666667,3.779722222222222,4.824166666666667,3.4652,27.2256,0.0
117,57.629999999999995,A_2,272,8-24,9,2,12.061290322580646,5.208387096774195,3.327096774193549,4.505483870967741,0.8711764705882353,33.46941176470588,0.0
118,52.28666666666666,A_2,273,8-25,9,3,13.14282608695652,6.426956521739132,4.602173913043478,4.945434782608696,0.9517857142857142,25.22,0.0
119,61.32333333333333,A_2,274,8-26,9,4,12.332,5.8092,3.8243999999999994,4.6024,0.8270588235294117,20.595882352941175,0.0
120,65.96666666666667,A_2,275,8-27,9,5,10.923809523809524,5.620952380952381,4.7509523809523815,4.212857142857143,0.7069230769230768,23.214615384615385,0.0
121,131.0666666666667,A_2,276,8-28,9,6,10.045454545454547,5.624545454545455,3.6281818181818184,4.421818181818182,0.8466666666666667,32.11833333333333,0.0
122,176.87333333333333,A_2,277,8-29,9,0,14.039200000000001,7.5116,4.5416,5.5788,0.964375,40.973125,0.0
123,68.41333333333334,A_2,278,8-30,9,1,13.670000000000002,6.341764705882353,4.30264705882353,8.18764705882353,1.2195454545454545,45.51090909090909,0.0
124,153.81333333333333,A_2,279,8-31,9,2,16.897,12.456999999999999,6.752333333333334,13.300666666666666,1.2268181818181818,40.42636363636363,0.0
125,87.98333333333333,A_2,280,9-1,9,3,13.50690476190476,5.786666666666667,3.9261904761904756,8.10357142857143,0.8453571428571428,44.049642857142864,0.0
126,99.19333333333334,A_2,281,9-2,9,4,11.336666666666666,5.0826190476190485,4.57452380952381,4.422142857142857,0.7886206896551724,43.2844827586207,0.0
127,80.06333333333333,A_2,282,9-3,9,5,11.390943396226415,5.491698113207547,4.716037735849057,6.219811320754719,0.8284615384615385,36.69410256410256,0.0
128,58.26,A_2,283,9-4,9,6,9.009166666666667,4.7283333333333335,3.358333333333333,4.344166666666667,0.8175,28.807499999999997,0.0
129,53.105,A_2,284,9-5,9,0,12.582105263157896,4.185789473684211,2.8599999999999994,4.128947368421053,0.757,23.73,0.0
130,65.44666666666666,A_2,285,9-6,9,1,9.906363636363636,5.074545454545455,5.1499999999999995,8.153636363636364,0.7442857142857141,24.490000000000002,0.0
131,60.553333333333335,A_2,286,9-7,9,2,13.969130434782612,5.940434782608696,6.0160869565217405,4.661739130434783,0.7835294117647059,44.607647058823524,0.0
132,68.13333333333334,A_2,287,9-8,9,3,14.980714285714285,6.854285714285715,4.398928571428571,5.0874999999999995,0.8688235294117648,19.051764705882352,0.0
133,77.01333333333334,A_2,288,9-9,9,4,15.008500000000002,7.74075,5.202,6.9375,1.1633333333333333,45.031666666666666,0.0
134,96.94333333333333,A_2,289,9-10,9,5,13.3728,6.0148,4.244000000000001,5.1488,0.7000000000000001,21.592142857142857,0.0
135,69.81666666666666,A_2,290,9-11,9,6,12.494130434782607,6.562826086956521,4.305434782608696,11.905217391304348,1.2059375,33.610625,0.3
136,91.10666666666668,A_2,291,9-12,9,0,13.767666666666665,6.074,3.9230000000000005,4.748,0.77,25.75611111111111,0.0
137,83.82,A_2,292,9-13,9,1,16.928214285714287,11.88642857142857,6.2807407407407405,7.195555555555556,1.0539999999999998,26.398500000000002,0.4
138,61.57666666666666,A_2,293,9-14,9,2,14.313448275862067,6.708965517241379,5.214827586206897,5.424482758620689,0.9883333333333335,29.689444444444444,0.5
139,68.66,A_2,297,9-18,9,6,16.469772727272726,7.229318181818181,4.4725,5.1925,0.8937931034482758,30.02206896551724,0.0
140,94.94666666666666,A_2,298,9-19,9,0,12.014857142857142,7.000571428571428,4.315714285714286,5.315142857142857,0.9241666666666668,37.88833333333333,0.1
141,80.24,A_2,299,9-20,9,1,15.436842105263155,7.334210526315791,4.01421052631579,6.131842105263158,0.6159090909090909,23.468181818181822,0.0
142,79.89333333333333,A_2,300,9-21,9,2,15.205263157894736,8.017631578947368,4.8802631578947375,5.405263157894736,1.5370833333333334,39.07416666666666,0.0
143,66.53666666666668,A_2,301,9-22,9,3,12.356774193548388,6.627096774193549,4.300645161290323,4.629354838709677,0.8261111111111111,23.45111111111111,0.0
144,74.96333333333332,A_2,302,9-23,9,4,17.017111111111113,8.006888888888888,5.199777777777777,5.982,0.9509677419354837,35.15548387096775,0.0
145,94.73333333333335,A_2,303,9-24,9,5,12.802909090909093,6.762545454545455,4.319272727272728,5.171818181818182,0.8458536585365853,29.95487804878049,0.0
146,95.27333333333333,A_2,304,9-25,9,6,12.744634146341465,6.419024390243902,4.505121951219512,5.293170731707317,0.8529166666666667,29.9525,0.0
147,100.33666666666666,A_2,305,9-26,9,0,14.260243902439024,9.280731707317074,5.479756097560975,7.499756097560976,1.2539285714285715,28.53392857142857,0.0
148,69.57666666666667,A_2,306,9-27,9,1,14.59871794871795,10.04948717948718,6.302368421052631,6.41342105263158,1.01,32.855555555555554,0.0
149,70.13000000000001,A_2,307,9-28,9,2,12.333488372093024,6.3858139534883716,4.147906976744187,5.213953488372093,0.8748275862068966,27.56034482758621,1.3
150,81.38000000000001,A_2,308,9-29,9,3,13.0240625,8.567812499999999,4.4809375,8.268437500000001,0.8987499999999999,24.409375,1.4
151,74.82333333333334,A_2,309,9-30,9,4,15.342666666666666,7.128444444444444,4.408444444444443,5.403111111111111,0.8200000000000001,25.82038461538461,0.0
152,67.47333333333334,A_2,318,10-8,9,5,12.245581395348836,6.800697674418605,4.286046511627907,5.365581395348837,0.859375,27.1340625,0.0
153,76.74666666666667,A_2,319,10-9,9,6,16.109,7.29825,4.3534999999999995,4.869,0.7513636363636365,20.788181818181815,0.0
154,76.64999999999999,A_2,320,10-10,9,0,15.293809523809525,9.673333333333334,5.642539682539683,8.499523809523808,0.9488000000000001,36.8734,0.0
155,64.77333333333333,A_2,321,10-11,9,1,13.055777777777775,7.725777777777778,4.928000000000001,5.401555555555556,1.0308333333333335,28.49083333333333,0.0
156,73.62333333333333,A_2,322,10-12,9,2,12.70560975609756,7.685609756097561,5.136097560975609,5.425853658536585,0.9092307692307693,24.85615384615384,0.0
157,75.77,A_2,323,10-13,9,3,14.469142857142856,8.34842857142857,4.283142857142857,5.421571428571428,0.8974,35.2538,0.0
158,71.84666666666668,A_2,324,10-14,9,4,12.906530612244897,6.7942857142857145,4.563877551020408,5.194583333333333,0.9883333333333333,30.11516129032258,0.0
159,151.51999999999998,A_2,325,10-15,9,5,15.1018,5.8588,4.054489795918368,4.892857142857143,0.760625,32.275151515151514,0.0
160,69.42333333333333,A_2,326,10-16,9,6,12.365740740740739,6.898888888888889,4.297962962962963,4.839259259259259,0.7843333333333332,30.025666666666663,0.0
161,71.70666666666666,A_2,327,10-17,9,0,13.218222222222224,7.939111111111111,5.543111111111111,5.650888888888888,0.9015384615384616,27.907692307692308,0.0
162,84.59,A_2,236,7-19,17,1,11.639761904761905,5.786428571428571,3.933333333333333,4.915238095238096,0.8254166666666668,27.714583333333337,0.0
163,68.35000000000001,A_2,237,7-20,17,2,11.712619047619048,6.511904761904762,4.636829268292683,5.415476190476191,0.9319999999999999,42.671666666666674,0.0
164,79.33,A_2,238,7-21,17,3,14.023137254901963,7.170784313725489,4.983725490196078,5.467843137254902,0.9287804878048782,39.65317073170732,0.0
165,90.48,A_2,239,7-22,17,4,12.402337662337663,6.789350649350649,4.367105263157893,5.357012987012987,0.9423636363636365,39.50127272727273,0.0
166,76.61,A_2,240,7-23,17,5,13.70403846153846,6.960384615384616,5.458076923076922,7.472884615384615,1.8586486486486486,58.80108108108109,0.0
167,67.25333333333333,A_2,241,7-24,17,6,11.484897959183673,7.805918367346938,4.73204081632653,6.994693877551021,0.87375,37.529062499999995,0.0
168,78.36,A_2,242,7-25,17,0,12.55325,6.389,5.52475,5.641500000000001,0.8425806451612904,30.06,0.0
169,84.35000000000001,A_2,243,7-26,17,1,13.050169491525422,6.898474576271186,4.944915254237287,5.168135593220339,0.9580555555555554,38.64083333333333,0.0
170,86.18333333333334,A_2,244,7-27,17,2,11.94478260869565,6.83195652173913,5.427391304347827,5.417826086956523,0.875,45.73111111111112,0.0
171,80.32,A_2,245,7-28,17,3,11.24931818181818,6.1625,4.572500000000001,7.076363636363637,0.899142857142857,39.64771428571429,0.0
172,90.71666666666665,A_2,246,7-29,17,4,14.278448275862067,7.60293103448276,6.171896551724138,6.160172413793104,1.0259090909090907,52.186818181818175,0.0
173,123.87333333333333,A_2,247,7-30,17,5,58.60222222222222,35.55,22.33,35.15777777777778,0.3233333333333333,7.506666666666668,0.0
174,66.64333333333333,A_2,248,7-31,17,6,12.28609756097561,6.719268292682927,5.000487804878049,5.527317073170732,0.8027272727272727,32.47242424242424,0.0
175,65.60666666666667,A_2,249,8-1,17,0,12.14618181818182,6.1143636363636364,4.094074074074074,4.797454545454545,0.8710000000000001,31.08175,0.0
176,75.89,A_2,250,8-2,17,1,14.870232558139534,6.311627906976745,8.303488372093023,5.254418604651163,0.9215384615384615,30.440384615384612,4.8
177,62.99333333333333,A_2,251,8-3,17,2,10.155681818181819,6.0806818181818185,4.462727272727273,5.088409090909091,0.8912500000000001,29.31125,0.0
178,96.48,A_2,252,8-4,17,3,11.289591836734692,6.673877551020409,5.996734693877552,5.231020408163265,0.8172972972972973,37.9227027027027,0.0
179,107.66000000000001,A_2,253,8-5,17,4,13.101764705882355,6.864117647058824,5.0699999999999985,5.399607843137256,0.8532558139534884,38.26558139534883,0.0
180,71.3,A_2,254,8-6,17,5,13.135750000000002,7.476750000000001,4.90025,6.027500000000001,2.728928571428572,29.509999999999998,0.0
181,69.55999999999999,A_2,255,8-7,17,6,14.867500000000001,7.661500000000001,4.52125,5.1965,0.8624324324324324,23.58864864864865,0.0
182,75.48,A_2,257,8-9,17,1,14.840526315789475,7.292982456140351,5.414385964912281,5.2221052631578955,0.8516666666666667,34.06138888888889,0.0
183,61.42666666666667,A_2,258,8-10,17,2,11.988205128205127,9.282820512820512,6.472820512820513,6.5864102564102565,1.0284,34.674,0.0
184,82.22333333333334,A_2,259,8-11,17,3,12.78,6.922499999999999,4.515686274509804,5.080769230769231,0.8658333333333332,28.76194444444444,0.0
185,79.22333333333334,A_2,260,8-12,17,4,15.09679245283019,6.306037735849057,5.400943396226416,5.69679245283019,0.9813157894736841,32.69394736842105,0.0
186,66.21333333333332,A_2,261,8-13,17,5,14.444642857142856,7.83,6.977500000000001,7.446428571428571,1.1975,33.98583333333333,0.0
187,67.20333333333333,A_2,262,8-14,17,6,19.03,10.3,5.94,6.98,1.05,23.75,0.0
188,64.71333333333334,A_2,263,8-15,17,0,13.711914893617019,6.301914893617021,4.355319148936171,5.157446808510638,0.8014285714285716,29.41028571428571,0.0
189,66.78333333333333,A_2,264,8-16,17,1,12.921142857142858,5.721142857142858,4.386857142857143,4.630285714285715,0.722608695652174,36.94434782608697,0.0
190,53.29666666666666,A_2,265,8-17,17,2,12.231176470588235,6.155,4.194705882352942,5.209411764705883,0.9204166666666667,25.361666666666668,0.0
191,61.11666666666667,A_2,266,8-18,17,3,11.39025641025641,6.326666666666667,4.618974358974358,4.64128205128205,2.77037037037037,31.691851851851847,0.0
192,76.01333333333334,A_2,267,8-19,17,4,11.76063829787234,5.645319148936171,3.764255319148936,6.737021276595746,0.7416216216216215,45.03162162162161,0.0
193,55.56,A_2,268,8-20,17,5,10.103214285714287,5.467499999999999,3.485714285714286,4.6971428571428575,0.7566666666666667,40.465,0.0
194,58.153333333333336,A_2,269,8-21,17,6,15.058333333333334,5.902333333333332,3.8133333333333335,4.843999999999999,0.8031999999999999,26.390800000000002,0.0
195,60.17333333333334,A_2,270,8-22,17,0,11.478,5.790799999999999,4.426799999999999,5.0116000000000005,0.8333333333333333,31.695555555555554,0.0
196,54.14000000000001,A_2,271,8-23,17,1,12.332121212121212,5.078181818181818,3.424848484848485,4.049090909090909,0.7085714285714285,21.089047619047623,0.0
197,60.970000000000006,A_2,272,8-24,17,2,9.607142857142858,5.167142857142857,7.298095238095236,4.285714285714286,0.7721428571428571,22.104285714285716,0.0
198,57.88333333333333,A_2,273,8-25,17,3,11.756666666666666,5.55904761904762,3.7957142857142863,6.038095238095239,0.7121428571428571,16.898571428571426,0.0
199,73.67999999999999,A_2,274,8-26,17,4,21.286875,6.526875,4.5200000000000005,5.3284375,0.8647826086956522,33.1295652173913,0.0
200,66.37,A_2,275,8-27,17,5,12.36133333333333,5.7363333333333335,3.861666666666666,4.866333333333333,0.865909090909091,28.499090909090913,0.0
201,58.77333333333333,A_2,276,8-28,17,6,10.432307692307692,4.886153846153846,4.014615384615384,4.669230769230769,0.8950000000000001,43.12,0.0
202,45.82,A_2,277,8-29,17,0,12.63928571428571,6.426428571428572,4.308571428571428,4.764285714285714,0.9823809523809524,32.95095238095238,0.0
203,69.10333333333334,A_2,278,8-30,17,1,10.719545454545454,5.222272727272728,3.133181818181818,4.603636363636363,0.7999999999999999,45.02916666666667,0.0
204,56.88666666666666,A_2,279,8-31,17,2,11.709583333333333,5.922083333333333,6.694999999999999,5.3475,1.176111111111111,35.01222222222222,0.0
205,58.776666666666664,A_2,280,9-1,17,3,11.720000000000002,4.86483870967742,3.3867741935483875,4.163225806451613,0.7630769230769231,25.536923076923078,0.0
206,82.66333333333334,A_2,281,9-2,17,4,17.50772727272727,5.758181818181819,3.494090909090909,4.455454545454546,0.775625,24.475625,0.0
207,52.093333333333334,A_2,282,9-3,17,5,14.427727272727275,8.085909090909091,5.03590909090909,4.9840909090909085,1.2946153846153845,27.623846153846156,0.0
208,57.39000000000001,A_2,283,9-4,17,6,10.97272727272727,4.842727272727274,6.167272727272728,6.61090909090909,0.6980000000000001,19.208,0.0
209,40.10666666666667,A_2,284,9-5,17,0,10.347058823529412,4.573529411764706,2.91,4.609411764705882,0.68,21.395555555555557,0.0
210,54.16,A_2,285,9-6,17,1,11.542941176470588,10.207058823529412,4.118235294117647,4.044705882352941,1.106923076923077,29.616153846153846,0.0
211,96.75666666666666,A_2,286,9-7,17,2,14.731923076923078,7.652307692307693,5.592307692307691,5.987884615384616,1.0639999999999998,44.04766666666667,0.0
212,94.09666666666665,A_2,287,9-8,17,3,14.646382978723402,6.916739130434783,4.686808510638297,5.799148936170211,1.389032258064516,54.69709677419355,0.0
213,62.85,A_2,288,9-9,17,4,13.68394736842105,6.319210526315789,4.798421052631579,6.281052631578947,1.0657142857142856,36.2975,0.0
214,74.45,A_2,289,9-10,17,5,15.726712328767126,6.923150684931508,5.59972602739726,5.671232876712328,0.8874999999999998,37.49979166666666,0.0
215,84.65666666666665,A_2,290,9-11,17,6,14.006376811594205,7.732463768115943,5.1304347826086945,7.237971014492753,0.9876190476190477,49.75404761904761,0.0
216,78.13666666666667,A_2,291,9-12,17,0,12.212881355932202,6.581186440677966,4.593220338983052,6.701864406779661,1.0413636363636363,44.00204545454545,0.0
217,68.39999999999999,A_2,292,9-13,17,1,14.231851851851854,7.8953703703703715,8.134074074074073,5.190740740740741,0.8092682926829268,40.593658536585366,2.5
218,82.07666666666667,A_2,293,9-14,17,2,14.737111111111112,7.871888888888889,6.007333333333333,6.434777777777777,1.2240677966101694,49.88766666666667,2.2
219,58.32,A_2,297,9-18,17,6,14.841774193548387,7.593064516129032,6.194677419354839,5.498709677419355,1.0197435897435898,40.486923076923084,0.0
220,66.69333333333334,A_2,298,9-19,17,0,14.363076923076921,7.04,5.085192307692308,6.269038461538461,1.353658536585366,52.08073170731707,0.0
221,61.27,A_2,299,9-20,17,1,14.293666666666667,6.582542372881356,4.993833333333333,8.122,2.7493333333333334,44.019777777777776,0.0
222,68.18,A_2,300,9-21,17,2,13.706666666666667,7.054999999999999,4.508194444444444,5.6345833333333335,0.9261904761904763,38.760000000000005,0.0
223,62.346666666666664,A_2,301,9-22,17,3,12.81421875,6.7878125,4.65241935483871,5.42983870967742,0.8854761904761906,44.83595238095238,0.0
224,78.25,A_2,302,9-23,17,4,13.590459770114938,7.032528735632185,4.738850574712644,5.5908045977011485,1.027735849056604,60.15698113207549,0.0
225,73.34333333333333,A_2,303,9-24,17,5,12.80544117647059,7.17779411764706,6.198088235294118,7.4541176470588235,2.71390243902439,47.91512195121951,0.0
226,67.0,A_2,304,9-25,17,6,12.526190476190477,6.0476190476190474,4.44015873015873,5.301111111111109,0.8894871794871795,34.565384615384616,0.0
227,61.67666666666667,A_2,305,9-26,17,0,12.69793103448276,6.471379310344827,4.37396551724138,5.277758620689656,0.88,31.706896551724135,0.0
228,82.78999999999999,A_2,306,9-27,17,1,14.068749999999998,7.060535714285714,4.801428571428572,5.997678571428572,1.1589285714285715,114.5439285714286,0.0
229,90.08333333333333,A_2,307,9-28,17,2,12.288591549295772,6.473380281690141,4.869295774647887,7.267464788732394,0.9402439024390243,37.549268292682925,1.8
230,69.66666666666667,A_2,308,9-29,17,3,11.958666666666666,5.783333333333334,3.6919999999999997,4.5495,0.764375,31.4421875,0.3
231,111.01666666666667,A_2,309,9-30,17,4,16.064108527131783,8.30356589147287,7.232868217054263,8.958837209302326,1.6281927710843376,73.51698795180724,0.0
232,62.64000000000001,A_2,318,10-8,17,5,12.569795918367346,5.916122448979592,5.05469387755102,4.855918367346939,0.8319230769230769,25.231153846153852,0.0
233,66.81333333333333,A_2,319,10-9,17,6,12.96457627118644,6.1525423728813555,3.9186440677966097,4.870169491525424,0.8385714285714286,42.25514285714285,0.0
234,65.79,A_2,320,10-10,17,0,13.578913043478266,6.405652173913046,4.2493478260869555,4.765217391304348,0.8282142857142857,34.33862068965517,0.0
235,69.12333333333333,A_2,321,10-11,17,1,12.395084745762711,6.215084745762711,4.346271186440678,4.9223728813559315,0.7737142857142857,43.083999999999996,0.0
236,81.85000000000001,A_2,322,10-12,17,2,13.51323076923077,5.684461538461539,3.625846153846154,4.339384615384615,0.727,23.311500000000002,0.0
237,64.36333333333333,A_2,323,10-13,17,3,16.564603174603175,6.726349206349205,4.137619047619048,5.141746031746032,0.9694444444444444,37.219166666666666,0.0
238,68.82666666666667,A_2,324,10-14,17,4,14.682873563218392,7.93,8.492643678160919,6.163793103448278,1.357627118644068,42.566440677966106,0.0
239,74.97000000000001,A_2,325,10-15,17,5,21.633118279569892,6.642795698924732,4.959999999999999,5.617526881720431,0.9947272727272728,34.63109090909091,0.0
240,73.35333333333334,A_2,326,10-16,17,6,15.153253012048193,6.726829268292684,5.742048192771086,6.775542168674701,0.9543103448275861,37.23830508474576,0.0
241,62.143333333333324,A_2,327,10-17,17,0,12.399714285714284,6.237536231884058,4.204857142857143,5.354571428571429,1.1460416666666666,35.562083333333334,0.0
242,63.51000000000001,A_2,236,7-19,18,1,11.639761904761905,5.786428571428571,3.933333333333333,4.915238095238096,0.8254166666666668,27.714583333333337,0.0
243,79.49666666666667,A_2,237,7-20,18,2,11.712619047619048,6.511904761904762,4.636829268292683,5.415476190476191,0.9319999999999999,42.671666666666674,0.0
244,74.36666666666666,A_2,238,7-21,18,3,14.023137254901963,7.170784313725489,4.983725490196078,5.467843137254902,0.9287804878048782,39.65317073170732,0.0
245,88.52333333333333,A_2,239,7-22,18,4,12.402337662337663,6.789350649350649,4.367105263157893,5.357012987012987,0.9423636363636365,39.50127272727273,0.0
246,72.59333333333333,A_2,240,7-23,18,5,13.70403846153846,6.960384615384616,5.458076923076922,7.472884615384615,1.8586486486486486,58.80108108108109,0.0
247,68.02999999999999,A_2,241,7-24,18,6,11.484897959183673,7.805918367346938,4.73204081632653,6.994693877551021,0.87375,37.529062499999995,0.0
248,59.64666666666667,A_2,242,7-25,18,0,12.55325,6.389,5.52475,5.641500000000001,0.8425806451612904,30.06,0.0
249,109.85333333333334,A_2,243,7-26,18,1,13.050169491525422,6.898474576271186,4.944915254237287,5.168135593220339,0.9580555555555554,38.64083333333333,0.0
250,71.00333333333333,A_2,244,7-27,18,2,11.94478260869565,6.83195652173913,5.427391304347827,5.417826086956523,0.875,45.73111111111112,0.0
251,82.59000000000002,A_2,245,7-28,18,3,11.24931818181818,6.1625,4.572500000000001,7.076363636363637,0.899142857142857,39.64771428571429,0.0
252,92.44,A_2,246,7-29,18,4,14.278448275862067,7.60293103448276,6.171896551724138,6.160172413793104,1.0259090909090907,52.186818181818175,0.0
253,76.57,A_2,247,7-30,18,5,58.60222222222222,35.55,22.33,35.15777777777778,0.3233333333333333,7.506666666666668,0.0
254,62.48666666666667,A_2,248,7-31,18,6,12.28609756097561,6.719268292682927,5.000487804878049,5.527317073170732,0.8027272727272727,32.47242424242424,0.0
255,73.26333333333334,A_2,249,8-1,18,0,12.14618181818182,6.1143636363636364,4.094074074074074,4.797454545454545,0.8710000000000001,31.08175,0.0
256,65.15,A_2,250,8-2,18,1,14.870232558139534,6.311627906976745,8.303488372093023,5.254418604651163,0.9215384615384615,30.440384615384612,3.6
257,64.16666666666667,A_2,251,8-3,18,2,10.155681818181819,6.0806818181818185,4.462727272727273,5.088409090909091,0.8912500000000001,29.31125,0.0
258,58.4,A_2,252,8-4,18,3,11.289591836734692,6.673877551020409,5.996734693877552,5.231020408163265,0.8172972972972973,37.9227027027027,0.0
259,95.95,A_2,253,8-5,18,4,13.101764705882355,6.864117647058824,5.0699999999999985,5.399607843137256,0.8532558139534884,38.26558139534883,0.0
260,63.35,A_2,254,8-6,18,5,13.135750000000002,7.476750000000001,4.90025,6.027500000000001,2.728928571428572,29.509999999999998,0.0
261,70.10333333333334,A_2,255,8-7,18,6,14.867500000000001,7.661500000000001,4.52125,5.1965,0.8624324324324324,23.58864864864865,0.0
262,40.44,A_2,256,8-8,18,0,13.316999999999998,7.662999999999999,5.9185,5.485000000000001,0.8628571428571429,43.90285714285715,0.0
263,60.99666666666667,A_2,257,8-9,18,1,14.840526315789475,7.292982456140351,5.414385964912281,5.2221052631578955,0.8516666666666667,34.06138888888889,0.0
264,68.04333333333334,A_2,258,8-10,18,2,11.988205128205127,9.282820512820512,6.472820512820513,6.5864102564102565,1.0284,34.674,0.0
265,63.15333333333333,A_2,259,8-11,18,3,12.78,6.922499999999999,4.515686274509804,5.080769230769231,0.8658333333333332,28.76194444444444,0.0
266,93.45333333333333,A_2,260,8-12,18,4,15.09679245283019,6.306037735849057,5.400943396226416,5.69679245283019,0.9813157894736841,32.69394736842105,0.0
267,54.410000000000004,A_2,261,8-13,18,5,14.444642857142856,7.83,6.977500000000001,7.446428571428571,1.1975,33.98583333333333,0.0
268,80.04666666666667,A_2,262,8-14,18,6,19.03,10.3,5.94,6.98,1.05,23.75,0.0
269,58.879999999999995,A_2,263,8-15,18,0,13.711914893617019,6.301914893617021,4.355319148936171,5.157446808510638,0.8014285714285716,29.41028571428571,0.0
270,63.053333333333335,A_2,264,8-16,18,1,12.921142857142858,5.721142857142858,4.386857142857143,4.630285714285715,0.722608695652174,36.94434782608697,0.0
271,62.85333333333333,A_2,265,8-17,18,2,12.231176470588235,6.155,4.194705882352942,5.209411764705883,0.9204166666666667,25.361666666666668,0.0
272,64.63666666666667,A_2,266,8-18,18,3,11.39025641025641,6.326666666666667,4.618974358974358,4.64128205128205,2.77037037037037,31.691851851851847,0.0
273,69.60333333333334,A_2,267,8-19,18,4,11.76063829787234,5.645319148936171,3.764255319148936,6.737021276595746,0.7416216216216215,45.03162162162161,0.0
274,65.56,A_2,268,8-20,18,5,10.103214285714287,5.467499999999999,3.485714285714286,4.6971428571428575,0.7566666666666667,40.465,0.0
275,51.199999999999996,A_2,269,8-21,18,6,15.058333333333334,5.902333333333332,3.8133333333333335,4.843999999999999,0.8031999999999999,26.390800000000002,0.0
276,71.3,A_2,270,8-22,18,0,11.478,5.790799999999999,4.426799999999999,5.0116000000000005,0.8333333333333333,31.695555555555554,0.0
277,75.14999999999999,A_2,271,8-23,18,1,12.332121212121212,5.078181818181818,3.424848484848485,4.049090909090909,0.7085714285714285,21.089047619047623,0.0
278,46.76666666666667,A_2,272,8-24,18,2,9.607142857142858,5.167142857142857,7.298095238095236,4.285714285714286,0.7721428571428571,22.104285714285716,0.0
279,55.416666666666664,A_2,273,8-25,18,3,11.756666666666666,5.55904761904762,3.7957142857142863,6.038095238095239,0.7121428571428571,16.898571428571426,0.0
280,52.69,A_2,274,8-26,18,4,21.286875,6.526875,4.5200000000000005,5.3284375,0.8647826086956522,33.1295652173913,0.0
281,63.18000000000001,A_2,275,8-27,18,5,12.36133333333333,5.7363333333333335,3.861666666666666,4.866333333333333,0.865909090909091,28.499090909090913,0.0
282,74.10666666666667,A_2,276,8-28,18,6,10.432307692307692,4.886153846153846,4.014615384615384,4.669230769230769,0.8950000000000001,43.12,0.0
283,74.40333333333334,A_2,277,8-29,18,0,12.63928571428571,6.426428571428572,4.308571428571428,4.764285714285714,0.9823809523809524,32.95095238095238,0.0
284,55.31666666666666,A_2,278,8-30,18,1,10.719545454545454,5.222272727272728,3.133181818181818,4.603636363636363,0.7999999999999999,45.02916666666667,0.0
285,105.12666666666667,A_2,279,8-31,18,2,11.709583333333333,5.922083333333333,6.694999999999999,5.3475,1.176111111111111,35.01222222222222,0.0
286,45.29666666666666,A_2,280,9-1,18,3,11.720000000000002,4.86483870967742,3.3867741935483875,4.163225806451613,0.7630769230769231,25.536923076923078,0.0
287,58.25666666666667,A_2,281,9-2,18,4,17.50772727272727,5.758181818181819,3.494090909090909,4.455454545454546,0.775625,24.475625,0.0
288,58.13999999999999,A_2,282,9-3,18,5,14.427727272727275,8.085909090909091,5.03590909090909,4.9840909090909085,1.2946153846153845,27.623846153846156,0.0
289,59.44333333333333,A_2,283,9-4,18,6,10.97272727272727,4.842727272727274,6.167272727272728,6.61090909090909,0.6980000000000001,19.208,0.0
290,58.06,A_2,284,9-5,18,0,10.347058823529412,4.573529411764706,2.91,4.609411764705882,0.68,21.395555555555557,0.0
291,45.21333333333333,A_2,285,9-6,18,1,11.542941176470588,10.207058823529412,4.118235294117647,4.044705882352941,1.106923076923077,29.616153846153846,0.3
292,68.85666666666667,A_2,286,9-7,18,2,14.731923076923078,7.652307692307693,5.592307692307691,5.987884615384616,1.0639999999999998,44.04766666666667,0.0
293,73.29666666666667,A_2,287,9-8,18,3,14.646382978723402,6.916739130434783,4.686808510638297,5.799148936170211,1.389032258064516,54.69709677419355,0.0
294,59.11333333333334,A_2,288,9-9,18,4,13.68394736842105,6.319210526315789,4.798421052631579,6.281052631578947,1.0657142857142856,36.2975,0.0
295,82.93666666666667,A_2,289,9-10,18,5,15.726712328767126,6.923150684931508,5.59972602739726,5.671232876712328,0.8874999999999998,37.49979166666666,0.1
296,81.58666666666666,A_2,290,9-11,18,6,14.006376811594205,7.732463768115943,5.1304347826086945,7.237971014492753,0.9876190476190477,49.75404761904761,0.0
297,59.776666666666664,A_2,291,9-12,18,0,12.212881355932202,6.581186440677966,4.593220338983052,6.701864406779661,1.0413636363636363,44.00204545454545,0.0
298,69.93666666666667,A_2,292,9-13,18,1,14.231851851851854,7.8953703703703715,8.134074074074073,5.190740740740741,0.8092682926829268,40.593658536585366,0.0
299,68.89,A_2,293,9-14,18,2,14.737111111111112,7.871888888888889,6.007333333333333,6.434777777777777,1.2240677966101694,49.88766666666667,0.2
300,64.17666666666666,A_2,297,9-18,18,6,14.841774193548387,7.593064516129032,6.194677419354839,5.498709677419355,1.0197435897435898,40.486923076923084,0.0
301,65.96,A_2,298,9-19,18,0,14.363076923076921,7.04,5.085192307692308,6.269038461538461,1.353658536585366,52.08073170731707,0.0
302,67.48333333333333,A_2,299,9-20,18,1,14.293666666666667,6.582542372881356,4.993833333333333,8.122,2.7493333333333334,44.019777777777776,0.0
303,62.04666666666666,A_2,300,9-21,18,2,13.706666666666667,7.054999999999999,4.508194444444444,5.6345833333333335,0.9261904761904763,38.760000000000005,0.0
304,76.27,A_2,301,9-22,18,3,12.81421875,6.7878125,4.65241935483871,5.42983870967742,0.8854761904761906,44.83595238095238,0.0
305,69.50999999999999,A_2,302,9-23,18,4,13.590459770114938,7.032528735632185,4.738850574712644,5.5908045977011485,1.027735849056604,60.15698113207549,0.0
306,93.52,A_2,303,9-24,18,5,12.80544117647059,7.17779411764706,6.198088235294118,7.4541176470588235,2.71390243902439,47.91512195121951,0.0
307,70.34333333333332,A_2,304,9-25,18,6,12.526190476190477,6.0476190476190474,4.44015873015873,5.301111111111109,0.8894871794871795,34.565384615384616,0.0
308,76.83666666666666,A_2,305,9-26,18,0,12.69793103448276,6.471379310344827,4.37396551724138,5.277758620689656,0.88,31.706896551724135,0.0
309,77.12333333333333,A_2,306,9-27,18,1,14.068749999999998,7.060535714285714,4.801428571428572,5.997678571428572,1.1589285714285715,114.5439285714286,1.2
310,74.70333333333333,A_2,307,9-28,18,2,12.288591549295772,6.473380281690141,4.869295774647887,7.267464788732394,0.9402439024390243,37.549268292682925,1.2
311,58.60999999999999,A_2,308,9-29,18,3,11.958666666666666,5.783333333333334,3.6919999999999997,4.5495,0.764375,31.4421875,0.2
312,89.49333333333334,A_2,309,9-30,18,4,16.064108527131783,8.30356589147287,7.232868217054263,8.958837209302326,1.6281927710843376,73.51698795180724,0.0
313,62.77666666666667,A_2,318,10-8,18,5,12.569795918367346,5.916122448979592,5.05469387755102,4.855918367346939,0.8319230769230769,25.231153846153852,0.0
314,62.18666666666667,A_2,319,10-9,18,6,12.96457627118644,6.1525423728813555,3.9186440677966097,4.870169491525424,0.8385714285714286,42.25514285714285,0.0
315,70.54666666666667,A_2,320,10-10,18,0,13.578913043478266,6.405652173913046,4.2493478260869555,4.765217391304348,0.8282142857142857,34.33862068965517,0.0
316,91.38,A_2,321,10-11,18,1,12.395084745762711,6.215084745762711,4.346271186440678,4.9223728813559315,0.7737142857142857,43.083999999999996,0.0
317,63.06333333333333,A_2,322,10-12,18,2,13.51323076923077,5.684461538461539,3.625846153846154,4.339384615384615,0.727,23.311500000000002,0.0
318,69.33666666666666,A_2,323,10-13,18,3,16.564603174603175,6.726349206349205,4.137619047619048,5.141746031746032,0.9694444444444444,37.219166666666666,0.0
319,69.06666666666666,A_2,324,10-14,18,4,14.682873563218392,7.93,8.492643678160919,6.163793103448278,1.357627118644068,42.566440677966106,0.0
320,73.16666666666667,A_2,325,10-15,18,5,21.633118279569892,6.642795698924732,4.959999999999999,5.617526881720431,0.9947272727272728,34.63109090909091,0.0
321,65.28,A_2,326,10-16,18,6,15.153253012048193,6.726829268292684,5.742048192771086,6.775542168674701,0.9543103448275861,37.23830508474576,0.0
322,57.53333333333333,A_2,327,10-17,18,0,12.399714285714284,6.237536231884058,4.204857142857143,5.354571428571429,1.1460416666666666,35.562083333333334,0.0
