,route,date,real_value
0,B_3,2016-10-18 00:00:00,64.69
1,B_3,2016-10-18 00:40:00,75.37
2,B_3,2016-10-18 01:40:00,70.14
3,B_3,2016-10-18 02:00:00,96.03
4,B_3,2016-10-18 03:40:00,76.88
5,B_3,2016-10-18 06:00:00,54.75
6,B_3,2016-10-18 06:20:00,121.02
7,B_3,2016-10-18 06:40:00,94.04
8,B_3,2016-10-18 07:00:00,120.6
9,B_3,2016-10-18 07:20:00,73.4
10,B_3,2016-10-18 07:40:00,89.91
11,B_3,2016-10-18 08:00:00,126.4
12,B_3,2016-10-18 08:20:00,115.52
13,B_3,2016-10-18 08:40:00,98.86
14,B_3,2016-10-18 09:00:00,131.15
15,B_3,2016-10-18 09:20:00,151.95
16,B_3,2016-10-18 09:40:00,117.69
17,B_3,2016-10-18 10:00:00,85.85
18,B_3,2016-10-18 10:20:00,111.97
19,B_3,2016-10-18 10:40:00,120.19
20,B_3,2016-10-18 11:00:00,124.38
21,B_3,2016-10-18 11:20:00,91.1
22,B_3,2016-10-18 11:40:00,100.28
23,B_3,2016-10-18 12:00:00,79.9
24,B_3,2016-10-18 12:20:00,90.97
25,B_3,2016-10-18 12:40:00,103.24
26,B_3,2016-10-18 13:00:00,117.65
27,B_3,2016-10-18 13:20:00,90.83
28,B_3,2016-10-18 13:40:00,99.16
29,B_3,2016-10-18 14:00:00,123.75
30,B_3,2016-10-18 14:20:00,92.07
31,B_3,2016-10-18 14:40:00,83.17
32,B_3,2016-10-18 15:00:00,135.06
33,B_3,2016-10-18 15:20:00,61.22
34,B_3,2016-10-18 15:40:00,132.87
35,B_3,2016-10-18 16:00:00,111.9
36,B_3,2016-10-18 16:20:00,84.37
37,B_3,2016-10-18 16:40:00,85.17
38,B_3,2016-10-18 17:00:00,80.49
39,B_3,2016-10-18 17:20:00,97.56
40,B_3,2016-10-18 17:40:00,104.47
41,B_3,2016-10-18 18:00:00,125.47
42,B_3,2016-10-18 18:20:00,111.18
43,B_3,2016-10-18 18:40:00,117.39
44,B_3,2016-10-18 19:20:00,49.16
45,B_3,2016-10-18 19:40:00,80.09
46,B_3,2016-10-18 20:00:00,79.79
47,B_3,2016-10-18 20:20:00,127.4
48,B_3,2016-10-18 20:40:00,139.06
49,B_3,2016-10-18 21:00:00,93.79
50,B_3,2016-10-18 21:40:00,92.73
51,B_3,2016-10-18 22:20:00,126.05
52,B_3,2016-10-18 23:20:00,67.28
53,B_3,2016-10-18 23:40:00,80.51
54,B_3,2016-10-19 00:00:00,99.9
55,B_3,2016-10-19 00:40:00,66.63
56,B_3,2016-10-19 01:40:00,68.96
57,B_3,2016-10-19 02:00:00,80.97
58,B_3,2016-10-19 02:40:00,101.39
59,B_3,2016-10-19 03:40:00,60.31
60,B_3,2016-10-19 04:40:00,77.64
61,B_3,2016-10-19 06:00:00,102.83
62,B_3,2016-10-19 06:20:00,106.34
63,B_3,2016-10-19 07:00:00,141.43
64,B_3,2016-10-19 07:20:00,73.72
65,B_3,2016-10-19 07:40:00,80.27
66,B_3,2016-10-19 08:00:00,70.3
67,B_3,2016-10-19 08:20:00,145.63
68,B_3,2016-10-19 08:40:00,120.0
69,B_3,2016-10-19 09:00:00,129.17
70,B_3,2016-10-19 09:20:00,108.18
71,B_3,2016-10-19 09:40:00,112.14
72,B_3,2016-10-19 10:00:00,110.87
73,B_3,2016-10-19 10:20:00,116.29
74,B_3,2016-10-19 10:40:00,98.9
75,B_3,2016-10-19 11:00:00,92.89
76,B_3,2016-10-19 11:20:00,109.8
77,B_3,2016-10-19 11:40:00,124.3
78,B_3,2016-10-19 12:00:00,115.77
79,B_3,2016-10-19 12:20:00,126.68
80,B_3,2016-10-19 12:40:00,68.88
81,B_3,2016-10-19 13:00:00,115.73
82,B_3,2016-10-19 13:20:00,82.57
83,B_3,2016-10-19 13:40:00,129.01
84,B_3,2016-10-19 14:00:00,96.35
85,B_3,2016-10-19 14:20:00,103.64
86,B_3,2016-10-19 14:40:00,68.83
87,B_3,2016-10-19 15:00:00,82.13
88,B_3,2016-10-19 15:20:00,128.95
89,B_3,2016-10-19 15:40:00,84.24
90,B_3,2016-10-19 16:00:00,115.72
91,B_3,2016-10-19 16:20:00,141.25
92,B_3,2016-10-19 16:40:00,102.53
93,B_3,2016-10-19 17:00:00,106.34
94,B_3,2016-10-19 17:20:00,105.73
95,B_3,2016-10-19 17:40:00,101.06
96,B_3,2016-10-19 18:00:00,87.42
97,B_3,2016-10-19 18:20:00,110.38
98,B_3,2016-10-19 18:40:00,80.84
99,B_3,2016-10-19 19:00:00,115.22
100,B_3,2016-10-19 19:40:00,90.42
101,B_3,2016-10-19 20:00:00,96.08
102,B_3,2016-10-19 20:40:00,24.94
103,B_3,2016-10-19 21:20:00,82.27
104,B_3,2016-10-19 21:40:00,71.51
105,B_3,2016-10-19 22:20:00,75.0
106,B_3,2016-10-19 22:40:00,72.51
107,B_3,2016-10-20 00:00:00,33.16
108,B_3,2016-10-20 00:20:00,57.36
109,B_3,2016-10-20 01:00:00,33.43
110,B_3,2016-10-20 01:20:00,73.61
111,B_3,2016-10-20 02:40:00,57.87
112,B_3,2016-10-20 04:20:00,92.45
113,B_3,2016-10-20 05:20:00,82.92
114,B_3,2016-10-20 06:00:00,126.27
115,B_3,2016-10-20 06:20:00,84.63
116,B_3,2016-10-20 06:40:00,110.79
117,B_3,2016-10-20 07:20:00,66.86
118,B_3,2016-10-20 07:40:00,107.81
119,B_3,2016-10-20 08:00:00,93.88
120,B_3,2016-10-20 08:20:00,87.78
121,B_3,2016-10-20 08:40:00,103.01
122,B_3,2016-10-20 09:00:00,94.06
123,B_3,2016-10-20 09:20:00,114.88
124,B_3,2016-10-20 09:40:00,70.85
125,B_3,2016-10-20 10:00:00,116.25
126,B_3,2016-10-20 10:20:00,94.64
127,B_3,2016-10-20 10:40:00,92.56
128,B_3,2016-10-20 11:00:00,75.04
129,B_3,2016-10-20 11:20:00,106.09
130,B_3,2016-10-20 11:40:00,100.51
131,B_3,2016-10-20 12:00:00,85.33
132,B_3,2016-10-20 12:20:00,99.64
133,B_3,2016-10-20 12:40:00,95.54
134,B_3,2016-10-20 13:00:00,64.16
135,B_3,2016-10-20 13:20:00,90.72
136,B_3,2016-10-20 13:40:00,88.04
137,B_3,2016-10-20 14:00:00,110.72
138,B_3,2016-10-20 14:20:00,93.37
139,B_3,2016-10-20 14:40:00,73.17
140,B_3,2016-10-20 15:00:00,122.19
141,B_3,2016-10-20 15:20:00,77.16
142,B_3,2016-10-20 15:40:00,78.73
143,B_3,2016-10-20 16:00:00,107.68
144,B_3,2016-10-20 16:20:00,102.18
145,B_3,2016-10-20 16:40:00,146.32
146,B_3,2016-10-20 17:00:00,116.79
147,B_3,2016-10-20 17:20:00,93.09
148,B_3,2016-10-20 17:40:00,87.7
149,B_3,2016-10-20 18:00:00,99.22
150,B_3,2016-10-20 18:20:00,80.24
151,B_3,2016-10-20 18:40:00,106.83
152,B_3,2016-10-20 21:00:00,91.05
153,B_3,2016-10-20 21:20:00,106.26
154,B_3,2016-10-20 23:00:00,88.18
155,B_3,2016-10-21 00:20:00,135.45
156,B_3,2016-10-21 01:00:00,45.72
157,B_3,2016-10-21 02:20:00,48.67
158,B_3,2016-10-21 03:00:00,71.64
159,B_3,2016-10-21 03:20:00,56.75
160,B_3,2016-10-21 03:40:00,102.09
161,B_3,2016-10-21 04:20:00,83.96
162,B_3,2016-10-21 05:20:00,70.91
163,B_3,2016-10-21 06:20:00,48.07
164,B_3,2016-10-21 06:40:00,59.52
165,B_3,2016-10-21 07:00:00,103.71
166,B_3,2016-10-21 07:20:00,68.25
167,B_3,2016-10-21 07:40:00,104.03
168,B_3,2016-10-21 08:00:00,85.64
169,B_3,2016-10-21 08:20:00,99.17
170,B_3,2016-10-21 08:40:00,102.09
171,B_3,2016-10-21 09:00:00,103.95
172,B_3,2016-10-21 09:20:00,82.41
173,B_3,2016-10-21 09:40:00,107.51
174,B_3,2016-10-21 10:00:00,93.75
175,B_3,2016-10-21 10:20:00,119.6
176,B_3,2016-10-21 10:40:00,90.81
177,B_3,2016-10-21 11:00:00,85.04
178,B_3,2016-10-21 11:20:00,100.8
179,B_3,2016-10-21 11:40:00,94.93
180,B_3,2016-10-21 12:00:00,111.08
181,B_3,2016-10-21 12:20:00,99.3
182,B_3,2016-10-21 12:40:00,95.92
183,B_3,2016-10-21 13:00:00,97.7
184,B_3,2016-10-21 13:20:00,110.23
185,B_3,2016-10-21 13:40:00,108.24
186,B_3,2016-10-21 14:00:00,136.98
187,B_3,2016-10-21 14:20:00,64.45
188,B_3,2016-10-21 14:40:00,71.82
189,B_3,2016-10-21 15:00:00,141.22
190,B_3,2016-10-21 15:20:00,110.21
191,B_3,2016-10-21 15:40:00,131.13
192,B_3,2016-10-21 16:00:00,96.29
193,B_3,2016-10-21 16:20:00,110.03
194,B_3,2016-10-21 16:40:00,117.99
195,B_3,2016-10-21 17:00:00,84.76
196,B_3,2016-10-21 17:20:00,108.29
197,B_3,2016-10-21 17:40:00,130.19
198,B_3,2016-10-21 18:00:00,137.44
199,B_3,2016-10-21 18:20:00,120.71
200,B_3,2016-10-21 18:40:00,60.02
201,B_3,2016-10-21 19:00:00,117.48
202,B_3,2016-10-21 19:20:00,91.0
203,B_3,2016-10-21 19:40:00,98.6
204,B_3,2016-10-21 20:00:00,79.51
205,B_3,2016-10-21 20:20:00,89.73
206,B_3,2016-10-21 20:40:00,97.88
207,B_3,2016-10-21 21:00:00,66.01
208,B_3,2016-10-21 22:00:00,70.95
209,B_3,2016-10-21 22:40:00,100.45
210,B_3,2016-10-21 23:40:00,60.13
211,B_3,2016-10-22 00:40:00,80.15
212,B_3,2016-10-22 01:00:00,54.8
213,B_3,2016-10-22 02:20:00,121.44
214,B_3,2016-10-22 04:40:00,111.09
215,B_3,2016-10-22 05:40:00,87.97
216,B_3,2016-10-22 06:40:00,116.59
217,B_3,2016-10-22 07:00:00,82.45
218,B_3,2016-10-22 07:20:00,91.26
219,B_3,2016-10-22 07:40:00,111.6
220,B_3,2016-10-22 08:00:00,103.23
221,B_3,2016-10-22 08:20:00,111.49
222,B_3,2016-10-22 08:40:00,65.55
223,B_3,2016-10-22 09:00:00,92.04
224,B_3,2016-10-22 09:20:00,116.15
225,B_3,2016-10-22 09:40:00,114.06
226,B_3,2016-10-22 10:00:00,106.28
227,B_3,2016-10-22 10:20:00,123.33
228,B_3,2016-10-22 10:40:00,136.42
229,B_3,2016-10-22 11:00:00,97.36
230,B_3,2016-10-22 11:20:00,98.93
231,B_3,2016-10-22 11:40:00,89.37
232,B_3,2016-10-22 12:00:00,95.72
233,B_3,2016-10-22 12:20:00,99.27
234,B_3,2016-10-22 12:40:00,123.18
235,B_3,2016-10-22 13:00:00,182.83
236,B_3,2016-10-22 13:20:00,101.31
237,B_3,2016-10-22 13:40:00,117.49
238,B_3,2016-10-22 14:00:00,105.02
239,B_3,2016-10-22 14:20:00,104.69
240,B_3,2016-10-22 14:40:00,107.03
241,B_3,2016-10-22 15:00:00,105.32
242,B_3,2016-10-22 15:20:00,81.86
243,B_3,2016-10-22 15:40:00,122.33
244,B_3,2016-10-22 16:00:00,98.95
245,B_3,2016-10-22 16:20:00,95.1
246,B_3,2016-10-22 16:40:00,124.97
247,B_3,2016-10-22 17:00:00,87.86
248,B_3,2016-10-22 17:20:00,103.59
249,B_3,2016-10-22 17:40:00,120.99
250,B_3,2016-10-22 18:00:00,95.22
251,B_3,2016-10-22 18:20:00,72.77
252,B_3,2016-10-22 18:40:00,88.6
253,B_3,2016-10-22 19:00:00,69.57
254,B_3,2016-10-22 19:20:00,373.06
255,B_3,2016-10-22 19:40:00,96.35
256,B_3,2016-10-22 20:00:00,41.54
257,B_3,2016-10-22 20:20:00,131.23
258,B_3,2016-10-22 20:40:00,84.56
259,B_3,2016-10-22 21:20:00,51.24
260,B_3,2016-10-22 21:40:00,155.24
261,B_3,2016-10-22 22:00:00,130.64
262,B_3,2016-10-22 22:20:00,126.93
263,B_3,2016-10-22 22:40:00,94.18
264,B_3,2016-10-22 23:00:00,58.1
265,B_3,2016-10-22 23:20:00,67.33
266,B_3,2016-10-23 00:00:00,103.11
267,B_3,2016-10-23 00:20:00,71.8
268,B_3,2016-10-23 01:00:00,135.04
269,B_3,2016-10-23 02:00:00,61.31
270,B_3,2016-10-23 04:40:00,434.74
271,B_3,2016-10-23 06:20:00,100.63
272,B_3,2016-10-23 07:00:00,87.34
273,B_3,2016-10-23 07:20:00,102.72
274,B_3,2016-10-23 07:40:00,107.13
275,B_3,2016-10-23 08:00:00,106.67
276,B_3,2016-10-23 08:20:00,85.55
277,B_3,2016-10-23 08:40:00,91.14
278,B_3,2016-10-23 09:00:00,64.23
279,B_3,2016-10-23 09:20:00,120.49
280,B_3,2016-10-23 09:40:00,105.35
281,B_3,2016-10-23 10:00:00,69.38
282,B_3,2016-10-23 10:20:00,74.51
283,B_3,2016-10-23 10:40:00,114.74
284,B_3,2016-10-23 11:00:00,103.09
285,B_3,2016-10-23 11:40:00,114.92
286,B_3,2016-10-23 12:00:00,85.68
287,B_3,2016-10-23 12:40:00,73.34
288,B_3,2016-10-23 13:00:00,80.29
289,B_3,2016-10-23 13:20:00,104.37
290,B_3,2016-10-23 13:40:00,106.34
291,B_3,2016-10-23 14:00:00,113.03
292,B_3,2016-10-23 14:20:00,116.04
293,B_3,2016-10-23 14:40:00,99.0
294,B_3,2016-10-23 15:00:00,100.44
295,B_3,2016-10-23 15:20:00,111.74
296,B_3,2016-10-23 15:40:00,106.38
297,B_3,2016-10-23 16:00:00,103.15
298,B_3,2016-10-23 16:20:00,149.42
299,B_3,2016-10-23 16:40:00,101.33
300,B_3,2016-10-23 17:00:00,88.62
301,B_3,2016-10-23 17:20:00,104.55
302,B_3,2016-10-23 17:40:00,90.96
303,B_3,2016-10-23 18:00:00,109.01
304,B_3,2016-10-23 18:20:00,81.63
305,B_3,2016-10-23 18:40:00,104.62
306,B_3,2016-10-23 19:00:00,96.24
307,B_3,2016-10-23 19:20:00,58.41
308,B_3,2016-10-23 19:40:00,72.98
309,B_3,2016-10-23 20:00:00,100.17
310,B_3,2016-10-23 20:20:00,75.18
311,B_3,2016-10-23 20:40:00,101.67
312,B_3,2016-10-23 21:00:00,79.64
313,B_3,2016-10-23 21:20:00,60.95
314,B_3,2016-10-23 21:40:00,121.03
315,B_3,2016-10-23 22:00:00,71.52
316,B_3,2016-10-23 22:20:00,138.69
317,B_3,2016-10-23 22:40:00,80.97
318,B_3,2016-10-23 23:20:00,60.18
319,B_3,2016-10-24 00:00:00,58.71
320,B_3,2016-10-24 03:20:00,98.49
321,B_3,2016-10-24 05:00:00,55.03
322,B_3,2016-10-24 05:40:00,146.7
323,B_3,2016-10-24 06:00:00,83.81
324,B_3,2016-10-24 06:20:00,96.08
325,B_3,2016-10-24 06:40:00,107.53
326,B_3,2016-10-24 07:00:00,107.09
327,B_3,2016-10-24 07:20:00,97.1
328,B_3,2016-10-24 07:40:00,112.2
329,B_3,2016-10-24 08:00:00,120.81
330,B_3,2016-10-24 08:20:00,98.33
331,B_3,2016-10-24 08:40:00,107.49
332,B_3,2016-10-24 09:00:00,147.68
333,B_3,2016-10-24 09:20:00,124.16
334,B_3,2016-10-24 09:40:00,136.56
335,B_3,2016-10-24 10:00:00,100.0
336,B_3,2016-10-24 10:20:00,118.5
337,B_3,2016-10-24 10:40:00,74.23
338,B_3,2016-10-24 11:00:00,74.03
339,B_3,2016-10-24 11:20:00,99.73
340,B_3,2016-10-24 11:40:00,158.71
341,B_3,2016-10-24 12:00:00,104.24
342,B_3,2016-10-24 12:20:00,85.08
343,B_3,2016-10-24 12:40:00,97.88
344,B_3,2016-10-24 13:00:00,122.7
345,B_3,2016-10-24 13:20:00,103.85
346,B_3,2016-10-24 13:40:00,128.96
347,B_3,2016-10-24 14:00:00,104.69
348,B_3,2016-10-24 14:20:00,95.15
349,B_3,2016-10-24 14:40:00,74.28
350,B_3,2016-10-24 15:00:00,127.51
351,B_3,2016-10-24 15:20:00,76.68
352,B_3,2016-10-24 15:40:00,98.0
353,B_3,2016-10-24 16:00:00,65.32
354,B_3,2016-10-24 16:20:00,82.3
355,B_3,2016-10-24 16:40:00,109.51
356,B_3,2016-10-24 17:00:00,110.46
357,B_3,2016-10-24 17:20:00,57.83
358,B_3,2016-10-24 17:40:00,118.39
359,B_3,2016-10-24 18:00:00,104.99
360,B_3,2016-10-24 18:20:00,129.71
361,B_3,2016-10-24 18:40:00,46.32
362,B_3,2016-10-24 19:00:00,112.2
363,B_3,2016-10-24 19:40:00,124.28
364,B_3,2016-10-24 20:00:00,101.36
365,B_3,2016-10-24 20:20:00,83.06
366,B_3,2016-10-24 20:40:00,111.51
367,B_3,2016-10-24 22:20:00,25.03
368,B_3,2016-10-24 22:40:00,93.25
369,B_3,2016-10-24 23:20:00,63.94
370,B_3,2016-10-24 23:40:00,100.25
371,C_1,2016-10-18 00:00:00,144.57
372,C_1,2016-10-18 03:40:00,108.96
373,C_1,2016-10-18 05:00:00,117.7
374,C_1,2016-10-18 05:40:00,105.27
375,C_1,2016-10-18 06:00:00,145.35
376,C_1,2016-10-18 06:20:00,136.22
377,C_1,2016-10-18 06:40:00,147.82
378,C_1,2016-10-18 07:00:00,180.98
379,C_1,2016-10-18 07:20:00,136.51
380,C_1,2016-10-18 07:40:00,311.04
381,C_1,2016-10-18 08:00:00,134.51
382,C_1,2016-10-18 08:20:00,183.06
383,C_1,2016-10-18 09:00:00,158.02
384,C_1,2016-10-18 09:20:00,130.53
385,C_1,2016-10-18 09:40:00,151.99
386,C_1,2016-10-18 10:00:00,207.06
387,C_1,2016-10-18 10:20:00,151.39
388,C_1,2016-10-18 10:40:00,159.14
389,C_1,2016-10-18 11:00:00,145.91
390,C_1,2016-10-18 11:20:00,183.42
391,C_1,2016-10-18 11:40:00,167.86
392,C_1,2016-10-18 12:00:00,144.66
393,C_1,2016-10-18 12:20:00,152.04
394,C_1,2016-10-18 12:40:00,169.13
395,C_1,2016-10-18 13:00:00,133.25
396,C_1,2016-10-18 13:20:00,222.76
397,C_1,2016-10-18 13:40:00,194.75
398,C_1,2016-10-18 14:00:00,157.53
399,C_1,2016-10-18 14:20:00,160.07
400,C_1,2016-10-18 15:00:00,168.9
401,C_1,2016-10-18 15:20:00,218.69
402,C_1,2016-10-18 15:40:00,178.16
403,C_1,2016-10-18 16:00:00,158.96
404,C_1,2016-10-18 16:20:00,181.91
405,C_1,2016-10-18 16:40:00,196.36
406,C_1,2016-10-18 17:00:00,417.44
407,C_1,2016-10-18 17:20:00,185.55
408,C_1,2016-10-18 17:40:00,238.49
409,C_1,2016-10-18 18:00:00,179.15
410,C_1,2016-10-18 18:20:00,263.94
411,C_1,2016-10-18 18:40:00,390.85
412,C_1,2016-10-18 19:00:00,190.97
413,C_1,2016-10-18 19:20:00,129.46
414,C_1,2016-10-18 19:40:00,166.26
415,C_1,2016-10-18 20:00:00,247.17
416,C_1,2016-10-18 20:20:00,220.99
417,C_1,2016-10-18 20:40:00,262.81
418,C_1,2016-10-18 21:00:00,267.81
419,C_1,2016-10-18 21:20:00,240.66
420,C_1,2016-10-18 22:40:00,149.75
421,C_1,2016-10-19 00:00:00,256.58
422,C_1,2016-10-19 00:40:00,171.43
423,C_1,2016-10-19 01:20:00,128.88
424,C_1,2016-10-19 02:20:00,156.49
425,C_1,2016-10-19 05:00:00,173.43
426,C_1,2016-10-19 07:00:00,147.55
427,C_1,2016-10-19 07:20:00,128.38
428,C_1,2016-10-19 08:00:00,158.18
429,C_1,2016-10-19 08:20:00,189.34
430,C_1,2016-10-19 08:40:00,140.53
431,C_1,2016-10-19 09:00:00,158.96
432,C_1,2016-10-19 09:20:00,250.19
433,C_1,2016-10-19 09:40:00,220.91
434,C_1,2016-10-19 10:00:00,210.87
435,C_1,2016-10-19 10:20:00,181.07
436,C_1,2016-10-19 10:40:00,191.96
437,C_1,2016-10-19 11:00:00,174.99
438,C_1,2016-10-19 11:20:00,179.41
439,C_1,2016-10-19 11:40:00,184.95
440,C_1,2016-10-19 12:00:00,171.55
441,C_1,2016-10-19 12:20:00,168.12
442,C_1,2016-10-19 13:00:00,226.69
443,C_1,2016-10-19 13:20:00,146.72
444,C_1,2016-10-19 13:40:00,162.23
445,C_1,2016-10-19 14:00:00,180.81
446,C_1,2016-10-19 14:20:00,176.47
447,C_1,2016-10-19 14:40:00,178.19
448,C_1,2016-10-19 15:00:00,246.94
449,C_1,2016-10-19 15:20:00,202.37
450,C_1,2016-10-19 15:40:00,204.09
451,C_1,2016-10-19 16:00:00,275.37
452,C_1,2016-10-19 16:20:00,171.05
453,C_1,2016-10-19 16:40:00,181.54
454,C_1,2016-10-19 17:00:00,233.4
455,C_1,2016-10-19 17:20:00,190.28
456,C_1,2016-10-19 17:40:00,198.43
457,C_1,2016-10-19 18:00:00,283.97
458,C_1,2016-10-19 18:20:00,314.9
459,C_1,2016-10-19 19:00:00,195.75
460,C_1,2016-10-19 19:40:00,150.58
461,C_1,2016-10-19 20:20:00,190.74
462,C_1,2016-10-19 20:40:00,218.75
463,C_1,2016-10-19 21:00:00,130.09
464,C_1,2016-10-19 21:40:00,177.36
465,C_1,2016-10-19 22:20:00,213.63
466,C_1,2016-10-19 23:20:00,214.73
467,C_1,2016-10-19 23:40:00,165.06
468,C_1,2016-10-20 01:00:00,106.83
469,C_1,2016-10-20 01:20:00,187.31
470,C_1,2016-10-20 04:40:00,135.28
471,C_1,2016-10-20 06:20:00,157.32
472,C_1,2016-10-20 06:40:00,162.36
473,C_1,2016-10-20 07:00:00,247.7
474,C_1,2016-10-20 08:00:00,200.43
475,C_1,2016-10-20 08:20:00,178.94
476,C_1,2016-10-20 08:40:00,200.76
477,C_1,2016-10-20 09:00:00,138.53
478,C_1,2016-10-20 09:20:00,182.56
479,C_1,2016-10-20 09:40:00,152.07
480,C_1,2016-10-20 10:00:00,163.05
481,C_1,2016-10-20 10:20:00,159.73
482,C_1,2016-10-20 10:40:00,176.09
483,C_1,2016-10-20 11:00:00,179.06
484,C_1,2016-10-20 11:20:00,182.54
485,C_1,2016-10-20 11:40:00,158.47
486,C_1,2016-10-20 12:00:00,199.38
487,C_1,2016-10-20 12:20:00,154.54
488,C_1,2016-10-20 12:40:00,162.49
489,C_1,2016-10-20 13:00:00,144.04
490,C_1,2016-10-20 13:20:00,154.22
491,C_1,2016-10-20 13:40:00,209.59
492,C_1,2016-10-20 14:00:00,155.19
493,C_1,2016-10-20 14:20:00,163.72
494,C_1,2016-10-20 14:40:00,146.79
495,C_1,2016-10-20 15:00:00,186.0
496,C_1,2016-10-20 15:20:00,141.7
497,C_1,2016-10-20 15:40:00,181.55
498,C_1,2016-10-20 16:00:00,163.1
499,C_1,2016-10-20 16:20:00,167.46
500,C_1,2016-10-20 16:40:00,194.36
501,C_1,2016-10-20 17:00:00,226.48
502,C_1,2016-10-20 17:20:00,312.25
503,C_1,2016-10-20 18:00:00,174.53
504,C_1,2016-10-20 18:20:00,149.01
505,C_1,2016-10-20 18:40:00,165.61
506,C_1,2016-10-20 21:00:00,192.04
507,C_1,2016-10-20 21:40:00,247.29
508,C_1,2016-10-20 22:00:00,187.9
509,C_1,2016-10-20 22:20:00,458.93
510,C_1,2016-10-20 23:00:00,151.53
511,C_1,2016-10-20 23:40:00,171.73
512,C_1,2016-10-21 00:40:00,148.11
513,C_1,2016-10-21 01:40:00,212.95
514,C_1,2016-10-21 05:40:00,125.53
515,C_1,2016-10-21 06:20:00,182.47
516,C_1,2016-10-21 07:00:00,184.69
517,C_1,2016-10-21 07:40:00,168.56
518,C_1,2016-10-21 08:00:00,147.11
519,C_1,2016-10-21 08:20:00,193.38
520,C_1,2016-10-21 09:00:00,149.93
521,C_1,2016-10-21 09:20:00,182.18
522,C_1,2016-10-21 09:40:00,173.31
523,C_1,2016-10-21 10:00:00,123.39
524,C_1,2016-10-21 10:20:00,164.87
525,C_1,2016-10-21 10:40:00,142.19
526,C_1,2016-10-21 11:00:00,139.2
527,C_1,2016-10-21 11:20:00,191.48
528,C_1,2016-10-21 11:40:00,200.26
529,C_1,2016-10-21 12:00:00,178.24
530,C_1,2016-10-21 12:20:00,150.06
531,C_1,2016-10-21 12:40:00,190.48
532,C_1,2016-10-21 13:00:00,205.75
533,C_1,2016-10-21 13:20:00,210.53
534,C_1,2016-10-21 13:40:00,214.27
535,C_1,2016-10-21 14:00:00,199.95
536,C_1,2016-10-21 14:20:00,243.05
537,C_1,2016-10-21 14:40:00,245.87
538,C_1,2016-10-21 15:00:00,290.94
539,C_1,2016-10-21 15:20:00,212.3
540,C_1,2016-10-21 15:40:00,186.11
541,C_1,2016-10-21 16:00:00,190.09
542,C_1,2016-10-21 16:20:00,207.06
543,C_1,2016-10-21 16:40:00,261.18
544,C_1,2016-10-21 17:00:00,265.45
545,C_1,2016-10-21 17:20:00,465.17
546,C_1,2016-10-21 17:40:00,482.11
547,C_1,2016-10-21 18:00:00,487.41
548,C_1,2016-10-21 18:20:00,490.26
549,C_1,2016-10-21 18:40:00,317.67
550,C_1,2016-10-21 19:00:00,236.09
551,C_1,2016-10-21 19:20:00,244.14
552,C_1,2016-10-21 20:00:00,219.41
553,C_1,2016-10-21 20:20:00,185.14
554,C_1,2016-10-21 21:20:00,232.72
555,C_1,2016-10-21 21:40:00,208.83
556,C_1,2016-10-21 22:40:00,151.3
557,C_1,2016-10-21 23:00:00,179.34
558,C_1,2016-10-21 23:20:00,179.3
559,C_1,2016-10-22 04:00:00,177.7
560,C_1,2016-10-22 06:20:00,96.81
561,C_1,2016-10-22 06:40:00,165.57
562,C_1,2016-10-22 07:20:00,131.62
563,C_1,2016-10-22 07:40:00,187.74
564,C_1,2016-10-22 08:20:00,169.57
565,C_1,2016-10-22 08:40:00,173.51
566,C_1,2016-10-22 09:00:00,187.36
567,C_1,2016-10-22 09:20:00,187.97
568,C_1,2016-10-22 10:00:00,188.58
569,C_1,2016-10-22 10:20:00,179.0
570,C_1,2016-10-22 10:40:00,184.88
571,C_1,2016-10-22 11:00:00,191.5
572,C_1,2016-10-22 11:20:00,179.65
573,C_1,2016-10-22 11:40:00,236.56
574,C_1,2016-10-22 12:00:00,254.44
575,C_1,2016-10-22 12:20:00,168.82
576,C_1,2016-10-22 12:40:00,210.95
577,C_1,2016-10-22 13:00:00,187.89
578,C_1,2016-10-22 13:20:00,187.57
579,C_1,2016-10-22 13:40:00,228.82
580,C_1,2016-10-22 14:00:00,239.07
581,C_1,2016-10-22 14:20:00,222.62
582,C_1,2016-10-22 14:40:00,251.84
583,C_1,2016-10-22 15:20:00,184.88
584,C_1,2016-10-22 15:40:00,245.56
585,C_1,2016-10-22 16:00:00,222.29
586,C_1,2016-10-22 16:20:00,178.02
587,C_1,2016-10-22 16:40:00,242.56
588,C_1,2016-10-22 17:00:00,331.19
589,C_1,2016-10-22 17:20:00,240.21
590,C_1,2016-10-22 17:40:00,229.13
591,C_1,2016-10-22 18:00:00,271.24
592,C_1,2016-10-22 18:20:00,245.61
593,C_1,2016-10-22 18:40:00,233.02
594,C_1,2016-10-22 19:00:00,262.54
595,C_1,2016-10-22 19:40:00,168.21
596,C_1,2016-10-22 20:00:00,217.36
597,C_1,2016-10-22 20:20:00,166.23
598,C_1,2016-10-22 21:00:00,150.84
599,C_1,2016-10-22 21:20:00,246.97
600,C_1,2016-10-22 21:40:00,159.16
601,C_1,2016-10-22 22:20:00,226.54
602,C_1,2016-10-23 01:40:00,139.31
603,C_1,2016-10-23 02:20:00,124.9
604,C_1,2016-10-23 05:20:00,102.06
605,C_1,2016-10-23 05:40:00,119.89
606,C_1,2016-10-23 06:00:00,207.94
607,C_1,2016-10-23 06:40:00,219.97
608,C_1,2016-10-23 07:00:00,124.0
609,C_1,2016-10-23 07:20:00,127.91
610,C_1,2016-10-23 07:40:00,148.54
611,C_1,2016-10-23 08:00:00,159.65
612,C_1,2016-10-23 08:20:00,186.79
613,C_1,2016-10-23 08:40:00,153.82
614,C_1,2016-10-23 09:00:00,211.64
615,C_1,2016-10-23 09:20:00,153.05
616,C_1,2016-10-23 09:40:00,447.96
617,C_1,2016-10-23 10:00:00,184.73
618,C_1,2016-10-23 10:20:00,119.92
619,C_1,2016-10-23 10:40:00,140.62
620,C_1,2016-10-23 11:00:00,165.44
621,C_1,2016-10-23 11:20:00,180.94
622,C_1,2016-10-23 11:40:00,198.59
623,C_1,2016-10-23 12:00:00,140.67
624,C_1,2016-10-23 12:20:00,180.26
625,C_1,2016-10-23 12:40:00,175.23
626,C_1,2016-10-23 13:20:00,183.58
627,C_1,2016-10-23 13:40:00,202.3
628,C_1,2016-10-23 14:00:00,185.2
629,C_1,2016-10-23 14:20:00,191.22
630,C_1,2016-10-23 14:40:00,444.83
631,C_1,2016-10-23 15:00:00,160.53
632,C_1,2016-10-23 15:20:00,206.22
633,C_1,2016-10-23 15:40:00,195.08
634,C_1,2016-10-23 16:00:00,176.23
635,C_1,2016-10-23 16:20:00,196.48
636,C_1,2016-10-23 16:40:00,352.44
637,C_1,2016-10-23 17:00:00,227.86
638,C_1,2016-10-23 17:20:00,229.92
639,C_1,2016-10-23 17:40:00,221.27
640,C_1,2016-10-23 18:00:00,200.4
641,C_1,2016-10-23 18:20:00,224.13
642,C_1,2016-10-23 18:40:00,122.38
643,C_1,2016-10-23 19:00:00,165.58
644,C_1,2016-10-23 20:00:00,246.83
645,C_1,2016-10-23 20:20:00,212.16
646,C_1,2016-10-23 21:20:00,206.07
647,C_1,2016-10-23 21:40:00,196.53
648,C_1,2016-10-23 22:00:00,164.81
649,C_1,2016-10-23 22:40:00,119.61
650,C_1,2016-10-24 02:00:00,103.2
651,C_1,2016-10-24 02:20:00,332.76
652,C_1,2016-10-24 05:00:00,164.65
653,C_1,2016-10-24 05:40:00,133.19
654,C_1,2016-10-24 06:00:00,171.65
655,C_1,2016-10-24 06:40:00,138.84
656,C_1,2016-10-24 07:00:00,176.69
657,C_1,2016-10-24 07:20:00,235.8
658,C_1,2016-10-24 07:40:00,272.82
659,C_1,2016-10-24 08:00:00,159.83
660,C_1,2016-10-24 08:20:00,156.72
661,C_1,2016-10-24 08:40:00,157.63
662,C_1,2016-10-24 09:20:00,136.74
663,C_1,2016-10-24 09:40:00,205.9
664,C_1,2016-10-24 10:00:00,131.45
665,C_1,2016-10-24 10:20:00,189.94
666,C_1,2016-10-24 10:40:00,140.88
667,C_1,2016-10-24 11:00:00,161.65
668,C_1,2016-10-24 11:20:00,158.37
669,C_1,2016-10-24 11:40:00,193.82
670,C_1,2016-10-24 12:00:00,172.15
671,C_1,2016-10-24 12:20:00,158.66
672,C_1,2016-10-24 12:40:00,167.22
673,C_1,2016-10-24 13:00:00,158.07
674,C_1,2016-10-24 13:20:00,201.41
675,C_1,2016-10-24 14:00:00,232.22
676,C_1,2016-10-24 14:40:00,171.23
677,C_1,2016-10-24 15:00:00,168.85
678,C_1,2016-10-24 15:20:00,202.64
679,C_1,2016-10-24 15:40:00,175.87
680,C_1,2016-10-24 16:00:00,181.69
681,C_1,2016-10-24 16:20:00,188.64
682,C_1,2016-10-24 16:40:00,159.58
683,C_1,2016-10-24 17:00:00,190.15
684,C_1,2016-10-24 17:20:00,154.65
685,C_1,2016-10-24 17:40:00,160.04
686,C_1,2016-10-24 18:00:00,271.2
687,C_1,2016-10-24 18:20:00,260.35
688,C_1,2016-10-24 19:00:00,206.34
689,C_1,2016-10-24 19:20:00,215.99
690,C_1,2016-10-24 20:00:00,148.62
691,C_1,2016-10-24 21:00:00,115.5
692,C_1,2016-10-24 21:20:00,133.45
693,C_1,2016-10-24 22:20:00,153.95
694,C_1,2016-10-24 22:40:00,236.09
695,A_2,2016-10-18 00:00:00,87.33
696,A_2,2016-10-18 00:20:00,38.13
697,A_2,2016-10-18 01:00:00,54.63
698,A_2,2016-10-18 01:20:00,57.12
699,A_2,2016-10-18 01:40:00,73.22
700,A_2,2016-10-18 02:00:00,50.29
701,A_2,2016-10-18 02:20:00,54.99
702,A_2,2016-10-18 03:00:00,73.02
703,A_2,2016-10-18 03:20:00,46.13
704,A_2,2016-10-18 03:40:00,36.22
705,A_2,2016-10-18 04:00:00,56.84
706,A_2,2016-10-18 04:20:00,55.64
707,A_2,2016-10-18 04:40:00,97.4
708,A_2,2016-10-18 05:00:00,65.88
709,A_2,2016-10-18 05:20:00,52.59
710,A_2,2016-10-18 05:40:00,46.03
711,A_2,2016-10-18 06:00:00,41.1
712,A_2,2016-10-18 06:20:00,43.68
713,A_2,2016-10-18 06:40:00,68.02
714,A_2,2016-10-18 07:00:00,52.61
715,A_2,2016-10-18 07:20:00,56.17
716,A_2,2016-10-18 07:40:00,63.6
717,A_2,2016-10-18 08:00:00,77.77
718,A_2,2016-10-18 08:20:00,70.3
719,A_2,2016-10-18 08:40:00,77.68
720,A_2,2016-10-18 09:00:00,79.28
721,A_2,2016-10-18 09:20:00,83.27
722,A_2,2016-10-18 09:40:00,77.67
723,A_2,2016-10-18 10:00:00,101.39
724,A_2,2016-10-18 10:20:00,62.82
725,A_2,2016-10-18 10:40:00,67.85
726,A_2,2016-10-18 11:00:00,46.77
727,A_2,2016-10-18 11:20:00,56.06
728,A_2,2016-10-18 11:40:00,76.07
729,A_2,2016-10-18 12:00:00,78.32
730,A_2,2016-10-18 12:20:00,51.44
731,A_2,2016-10-18 12:40:00,68.47
732,A_2,2016-10-18 13:00:00,59.92
733,A_2,2016-10-18 13:20:00,59.41
734,A_2,2016-10-18 13:40:00,56.35
735,A_2,2016-10-18 14:00:00,67.95
736,A_2,2016-10-18 14:20:00,75.83
737,A_2,2016-10-18 14:40:00,86.26
738,A_2,2016-10-18 15:00:00,99.96
739,A_2,2016-10-18 15:20:00,88.36
740,A_2,2016-10-18 15:40:00,74.89
741,A_2,2016-10-18 16:00:00,63.3
742,A_2,2016-10-18 16:20:00,71.36
743,A_2,2016-10-18 16:40:00,99.26
744,A_2,2016-10-18 17:00:00,75.0
745,A_2,2016-10-18 17:20:00,63.3
746,A_2,2016-10-18 17:40:00,68.39
747,A_2,2016-10-18 18:00:00,88.83
748,A_2,2016-10-18 18:20:00,59.33
749,A_2,2016-10-18 18:40:00,52.23
750,A_2,2016-10-18 19:00:00,59.61
751,A_2,2016-10-18 19:20:00,41.75
752,A_2,2016-10-18 19:40:00,56.44
753,A_2,2016-10-18 20:00:00,73.98
754,A_2,2016-10-18 20:20:00,44.82
755,A_2,2016-10-18 20:40:00,258.56
756,A_2,2016-10-18 21:00:00,67.64
757,A_2,2016-10-18 21:20:00,61.5
758,A_2,2016-10-18 21:40:00,56.92
759,A_2,2016-10-18 22:00:00,32.7
760,A_2,2016-10-18 22:40:00,54.65
761,A_2,2016-10-18 23:00:00,73.27
762,A_2,2016-10-18 23:20:00,45.99
763,A_2,2016-10-18 23:40:00,44.11
764,A_2,2016-10-19 00:00:00,135.68
765,A_2,2016-10-19 00:20:00,59.22
766,A_2,2016-10-19 00:40:00,33.9
767,A_2,2016-10-19 01:00:00,43.84
768,A_2,2016-10-19 01:20:00,70.89
769,A_2,2016-10-19 01:40:00,55.65
770,A_2,2016-10-19 02:00:00,56.06
771,A_2,2016-10-19 02:20:00,83.29
772,A_2,2016-10-19 02:40:00,44.33
773,A_2,2016-10-19 03:00:00,18.88
774,A_2,2016-10-19 03:20:00,56.73
775,A_2,2016-10-19 04:20:00,59.66
776,A_2,2016-10-19 04:40:00,55.81
777,A_2,2016-10-19 05:00:00,50.23
778,A_2,2016-10-19 05:20:00,97.52
779,A_2,2016-10-19 05:40:00,63.9
780,A_2,2016-10-19 06:00:00,40.01
781,A_2,2016-10-19 06:20:00,57.01
782,A_2,2016-10-19 06:40:00,37.41
783,A_2,2016-10-19 07:00:00,69.58
784,A_2,2016-10-19 07:20:00,100.11
785,A_2,2016-10-19 07:40:00,58.29
786,A_2,2016-10-19 08:00:00,91.72
787,A_2,2016-10-19 08:20:00,92.28
788,A_2,2016-10-19 08:40:00,103.94
789,A_2,2016-10-19 09:00:00,79.27
790,A_2,2016-10-19 09:20:00,81.22
791,A_2,2016-10-19 09:40:00,79.82
792,A_2,2016-10-19 10:00:00,69.07
793,A_2,2016-10-19 10:20:00,71.33
794,A_2,2016-10-19 10:40:00,62.95
795,A_2,2016-10-19 11:00:00,78.84
796,A_2,2016-10-19 11:20:00,116.77
797,A_2,2016-10-19 11:40:00,72.27
798,A_2,2016-10-19 12:00:00,64.64
799,A_2,2016-10-19 12:20:00,53.55
800,A_2,2016-10-19 12:40:00,64.89
801,A_2,2016-10-19 13:00:00,101.4
802,A_2,2016-10-19 13:20:00,78.8
803,A_2,2016-10-19 13:40:00,58.28
804,A_2,2016-10-19 14:00:00,69.71
805,A_2,2016-10-19 14:20:00,80.75
806,A_2,2016-10-19 14:40:00,70.39
807,A_2,2016-10-19 15:00:00,64.46
808,A_2,2016-10-19 15:20:00,62.31
809,A_2,2016-10-19 15:40:00,57.33
810,A_2,2016-10-19 16:00:00,67.58
811,A_2,2016-10-19 16:20:00,55.19
812,A_2,2016-10-19 16:40:00,72.48
813,A_2,2016-10-19 17:00:00,60.0
814,A_2,2016-10-19 17:20:00,56.98
815,A_2,2016-10-19 17:40:00,66.91
816,A_2,2016-10-19 18:00:00,63.8
817,A_2,2016-10-19 18:20:00,55.74
818,A_2,2016-10-19 18:40:00,84.02
819,A_2,2016-10-19 19:00:00,66.73
820,A_2,2016-10-19 19:20:00,67.8
821,A_2,2016-10-19 19:40:00,52.17
822,A_2,2016-10-19 20:00:00,51.42
823,A_2,2016-10-19 20:20:00,57.66
824,A_2,2016-10-19 20:40:00,109.17
825,A_2,2016-10-19 21:00:00,61.3
826,A_2,2016-10-19 21:20:00,62.61
827,A_2,2016-10-20 00:20:00,111.42
828,A_2,2016-10-20 01:00:00,50.11
829,A_2,2016-10-20 01:20:00,51.31
830,A_2,2016-10-20 02:00:00,61.28
831,A_2,2016-10-20 02:20:00,33.87
832,A_2,2016-10-20 02:40:00,34.67
833,A_2,2016-10-20 03:00:00,51.92
834,A_2,2016-10-20 03:20:00,45.97
835,A_2,2016-10-20 03:40:00,39.55
836,A_2,2016-10-20 04:00:00,50.99
837,A_2,2016-10-20 04:20:00,454.91
838,A_2,2016-10-20 04:40:00,49.43
839,A_2,2016-10-20 05:00:00,77.36
840,A_2,2016-10-20 05:20:00,47.64
841,A_2,2016-10-20 05:40:00,53.47
842,A_2,2016-10-20 06:00:00,63.58
843,A_2,2016-10-20 06:20:00,49.79
844,A_2,2016-10-20 06:40:00,60.88
845,A_2,2016-10-20 07:00:00,74.07
846,A_2,2016-10-20 07:20:00,62.99
847,A_2,2016-10-20 07:40:00,75.79
848,A_2,2016-10-20 08:00:00,87.24
849,A_2,2016-10-20 08:20:00,75.48
850,A_2,2016-10-20 08:40:00,79.6
851,A_2,2016-10-20 09:00:00,103.35
852,A_2,2016-10-20 09:20:00,97.05
853,A_2,2016-10-20 09:40:00,67.95
854,A_2,2016-10-20 10:00:00,55.63
855,A_2,2016-10-20 10:20:00,58.35
856,A_2,2016-10-20 10:40:00,59.72
857,A_2,2016-10-20 11:00:00,94.92
858,A_2,2016-10-20 11:20:00,59.54
859,A_2,2016-10-20 11:40:00,71.52
860,A_2,2016-10-20 12:00:00,55.38
861,A_2,2016-10-20 12:20:00,68.18
862,A_2,2016-10-20 12:40:00,53.81
863,A_2,2016-10-20 13:00:00,55.26
864,A_2,2016-10-20 13:20:00,63.0
865,A_2,2016-10-20 13:40:00,64.38
866,A_2,2016-10-20 14:00:00,82.2
867,A_2,2016-10-20 14:20:00,67.13
868,A_2,2016-10-20 14:40:00,79.52
869,A_2,2016-10-20 15:00:00,77.16
870,A_2,2016-10-20 15:20:00,63.98
871,A_2,2016-10-20 15:40:00,63.67
872,A_2,2016-10-20 16:00:00,61.18
873,A_2,2016-10-20 16:20:00,65.2
874,A_2,2016-10-20 16:40:00,63.05
875,A_2,2016-10-20 17:00:00,96.52
876,A_2,2016-10-20 17:20:00,54.93
877,A_2,2016-10-20 17:40:00,82.28
878,A_2,2016-10-20 18:00:00,75.25
879,A_2,2016-10-20 18:20:00,50.34
880,A_2,2016-10-20 18:40:00,57.25
881,A_2,2016-10-20 21:00:00,65.57
882,A_2,2016-10-20 21:20:00,58.43
883,A_2,2016-10-20 21:40:00,53.91
884,A_2,2016-10-20 22:00:00,50.05
885,A_2,2016-10-20 22:20:00,51.92
886,A_2,2016-10-20 22:40:00,52.23
887,A_2,2016-10-20 23:20:00,72.47
888,A_2,2016-10-20 23:40:00,49.46
889,A_2,2016-10-21 00:00:00,66.42
890,A_2,2016-10-21 00:20:00,39.68
891,A_2,2016-10-21 00:40:00,48.41
892,A_2,2016-10-21 01:00:00,46.87
893,A_2,2016-10-21 01:20:00,43.33
894,A_2,2016-10-21 01:40:00,87.3
895,A_2,2016-10-21 02:00:00,42.78
896,A_2,2016-10-21 02:20:00,63.57
897,A_2,2016-10-21 02:40:00,45.25
898,A_2,2016-10-21 03:00:00,60.92
899,A_2,2016-10-21 03:20:00,48.17
900,A_2,2016-10-21 04:00:00,59.55
901,A_2,2016-10-21 04:20:00,48.76
902,A_2,2016-10-21 04:40:00,51.97
903,A_2,2016-10-21 05:00:00,83.58
904,A_2,2016-10-21 05:40:00,51.85
905,A_2,2016-10-21 06:00:00,60.93
906,A_2,2016-10-21 06:20:00,40.73
907,A_2,2016-10-21 06:40:00,48.95
908,A_2,2016-10-21 07:00:00,49.87
909,A_2,2016-10-21 07:20:00,55.85
910,A_2,2016-10-21 07:40:00,75.14
911,A_2,2016-10-21 08:00:00,58.58
912,A_2,2016-10-21 08:20:00,71.5
913,A_2,2016-10-21 08:40:00,55.92
914,A_2,2016-10-21 09:00:00,99.53
915,A_2,2016-10-21 09:20:00,83.67
916,A_2,2016-10-21 09:40:00,73.3
917,A_2,2016-10-21 10:00:00,77.35
918,A_2,2016-10-21 10:20:00,62.06
919,A_2,2016-10-21 10:40:00,58.15
920,A_2,2016-10-21 11:00:00,57.11
921,A_2,2016-10-21 11:20:00,60.62
922,A_2,2016-10-21 11:40:00,73.53
923,A_2,2016-10-21 12:00:00,70.2
924,A_2,2016-10-21 12:20:00,72.89
925,A_2,2016-10-21 12:40:00,50.98
926,A_2,2016-10-21 13:00:00,65.99
927,A_2,2016-10-21 13:20:00,77.35
928,A_2,2016-10-21 13:40:00,56.96
929,A_2,2016-10-21 14:00:00,56.92
930,A_2,2016-10-21 14:20:00,62.31
931,A_2,2016-10-21 14:40:00,89.46
932,A_2,2016-10-21 15:00:00,53.91
933,A_2,2016-10-21 15:20:00,92.33
934,A_2,2016-10-21 15:40:00,74.07
935,A_2,2016-10-21 16:00:00,76.29
936,A_2,2016-10-21 16:20:00,106.66
937,A_2,2016-10-21 16:40:00,80.67
938,A_2,2016-10-21 17:00:00,101.05
939,A_2,2016-10-21 17:20:00,82.62
940,A_2,2016-10-21 17:40:00,62.0
941,A_2,2016-10-21 18:00:00,76.75
942,A_2,2016-10-21 18:20:00,81.04
943,A_2,2016-10-21 18:40:00,70.41
944,A_2,2016-10-21 19:00:00,86.83
945,A_2,2016-10-21 19:20:00,78.12
946,A_2,2016-10-21 19:40:00,69.8
947,A_2,2016-10-21 20:00:00,57.48
948,A_2,2016-10-21 20:20:00,44.1
949,A_2,2016-10-21 20:40:00,67.3
950,A_2,2016-10-21 21:00:00,45.44
951,A_2,2016-10-21 21:20:00,54.65
952,A_2,2016-10-21 21:40:00,40.06
953,A_2,2016-10-21 22:00:00,71.48
954,A_2,2016-10-21 22:20:00,85.62
955,A_2,2016-10-21 22:40:00,53.73
956,A_2,2016-10-21 23:00:00,43.73
957,A_2,2016-10-21 23:20:00,77.36
958,A_2,2016-10-21 23:40:00,51.7
959,A_2,2016-10-22 00:20:00,71.93
960,A_2,2016-10-22 00:40:00,48.91
961,A_2,2016-10-22 01:00:00,99.77
962,A_2,2016-10-22 01:20:00,99.96
963,A_2,2016-10-22 02:00:00,45.05
964,A_2,2016-10-22 02:40:00,53.12
965,A_2,2016-10-22 03:40:00,52.59
966,A_2,2016-10-22 04:00:00,24.94
967,A_2,2016-10-22 04:20:00,46.48
968,A_2,2016-10-22 05:00:00,83.49
969,A_2,2016-10-22 05:20:00,75.05
970,A_2,2016-10-22 05:40:00,48.17
971,A_2,2016-10-22 06:00:00,33.68
972,A_2,2016-10-22 06:20:00,81.57
973,A_2,2016-10-22 06:40:00,52.29
974,A_2,2016-10-22 07:00:00,51.07
975,A_2,2016-10-22 07:20:00,58.39
976,A_2,2016-10-22 07:40:00,90.94
977,A_2,2016-10-22 08:00:00,71.43
978,A_2,2016-10-22 08:20:00,56.06
979,A_2,2016-10-22 08:40:00,62.2
980,A_2,2016-10-22 09:00:00,79.54
981,A_2,2016-10-22 09:20:00,64.81
982,A_2,2016-10-22 09:40:00,70.94
983,A_2,2016-10-22 10:00:00,55.65
984,A_2,2016-10-22 10:20:00,55.82
985,A_2,2016-10-22 10:40:00,62.48
986,A_2,2016-10-22 11:00:00,68.06
987,A_2,2016-10-22 11:20:00,66.71
988,A_2,2016-10-22 11:40:00,58.27
989,A_2,2016-10-22 12:00:00,61.46
990,A_2,2016-10-22 12:20:00,50.17
991,A_2,2016-10-22 12:40:00,68.15
992,A_2,2016-10-22 13:00:00,58.13
993,A_2,2016-10-22 13:20:00,68.96
994,A_2,2016-10-22 13:40:00,62.73
995,A_2,2016-10-22 14:00:00,60.97
996,A_2,2016-10-22 14:20:00,69.62
997,A_2,2016-10-22 14:40:00,108.93
998,A_2,2016-10-22 15:00:00,63.87
999,A_2,2016-10-22 15:20:00,68.15
1000,A_2,2016-10-22 15:40:00,58.8
1001,A_2,2016-10-22 16:00:00,68.98
1002,A_2,2016-10-22 16:20:00,82.07
1003,A_2,2016-10-22 16:40:00,65.99
1004,A_2,2016-10-22 17:00:00,71.32
1005,A_2,2016-10-22 17:20:00,63.61
1006,A_2,2016-10-22 17:40:00,77.17
1007,A_2,2016-10-22 18:00:00,69.61
1008,A_2,2016-10-22 18:20:00,66.35
1009,A_2,2016-10-22 18:40:00,58.64
1010,A_2,2016-10-22 19:00:00,76.91
1011,A_2,2016-10-22 19:20:00,78.61
1012,A_2,2016-10-22 19:40:00,53.08
1013,A_2,2016-10-22 20:00:00,64.77
1014,A_2,2016-10-22 20:20:00,52.81
1015,A_2,2016-10-22 20:40:00,44.37
1016,A_2,2016-10-22 21:00:00,64.75
1017,A_2,2016-10-22 21:20:00,58.39
1018,A_2,2016-10-22 21:40:00,62.89
1019,A_2,2016-10-22 22:00:00,54.27
1020,A_2,2016-10-22 22:20:00,86.89
1021,A_2,2016-10-22 22:40:00,50.48
1022,A_2,2016-10-22 23:00:00,39.06
1023,A_2,2016-10-22 23:20:00,36.88
1024,A_2,2016-10-22 23:40:00,77.32
1025,A_2,2016-10-23 00:00:00,55.77
1026,A_2,2016-10-23 00:40:00,33.7
1027,A_2,2016-10-23 01:00:00,39.95
1028,A_2,2016-10-23 01:20:00,175.42
1029,A_2,2016-10-23 01:40:00,44.06
1030,A_2,2016-10-23 02:00:00,75.7
1031,A_2,2016-10-23 02:20:00,58.13
1032,A_2,2016-10-23 03:00:00,53.88
1033,A_2,2016-10-23 03:20:00,44.77
1034,A_2,2016-10-23 03:40:00,56.07
1035,A_2,2016-10-23 04:00:00,53.35
1036,A_2,2016-10-23 04:20:00,43.36
1037,A_2,2016-10-23 04:40:00,63.69
1038,A_2,2016-10-23 05:00:00,58.01
1039,A_2,2016-10-23 05:20:00,59.29
1040,A_2,2016-10-23 05:40:00,74.86
1041,A_2,2016-10-23 06:20:00,68.98
1042,A_2,2016-10-23 06:40:00,77.07
1043,A_2,2016-10-23 07:00:00,43.38
1044,A_2,2016-10-23 07:20:00,49.54
1045,A_2,2016-10-23 07:40:00,66.13
1046,A_2,2016-10-23 08:00:00,56.62
1047,A_2,2016-10-23 08:20:00,65.06
1048,A_2,2016-10-23 08:40:00,65.96
1049,A_2,2016-10-23 09:00:00,83.79
1050,A_2,2016-10-23 09:20:00,64.03
1051,A_2,2016-10-23 09:40:00,66.64
1052,A_2,2016-10-23 10:00:00,72.69
1053,A_2,2016-10-23 10:20:00,54.99
1054,A_2,2016-10-23 10:40:00,62.27
1055,A_2,2016-10-23 11:00:00,69.98
1056,A_2,2016-10-23 11:20:00,67.44
1057,A_2,2016-10-23 11:40:00,47.44
1058,A_2,2016-10-23 12:00:00,58.95
1059,A_2,2016-10-23 12:20:00,59.23
1060,A_2,2016-10-23 12:40:00,62.73
1061,A_2,2016-10-23 13:00:00,52.5
1062,A_2,2016-10-23 13:20:00,85.23
1063,A_2,2016-10-23 13:40:00,70.07
1064,A_2,2016-10-23 14:00:00,60.82
1065,A_2,2016-10-23 14:20:00,92.4
1066,A_2,2016-10-23 14:40:00,82.72
1067,A_2,2016-10-23 15:00:00,94.77
1068,A_2,2016-10-23 15:20:00,79.39
1069,A_2,2016-10-23 15:40:00,92.5
1070,A_2,2016-10-23 16:00:00,71.31
1071,A_2,2016-10-23 16:20:00,75.19
1072,A_2,2016-10-23 16:40:00,71.57
1073,A_2,2016-10-23 17:00:00,94.08
1074,A_2,2016-10-23 17:20:00,67.87
1075,A_2,2016-10-23 17:40:00,63.09
1076,A_2,2016-10-23 18:00:00,63.97
1077,A_2,2016-10-23 18:20:00,60.32
1078,A_2,2016-10-23 18:40:00,69.44
1079,A_2,2016-10-23 19:00:00,71.7
1080,A_2,2016-10-23 19:20:00,53.33
1081,A_2,2016-10-23 19:40:00,47.96
1082,A_2,2016-10-23 20:00:00,52.99
1083,A_2,2016-10-23 20:20:00,72.47
1084,A_2,2016-10-23 20:40:00,96.65
1085,A_2,2016-10-23 21:00:00,40.2
1086,A_2,2016-10-23 21:20:00,46.06
1087,A_2,2016-10-23 21:40:00,72.02
1088,A_2,2016-10-23 22:00:00,90.86
1089,A_2,2016-10-23 22:20:00,48.13
1090,A_2,2016-10-23 22:40:00,91.89
1091,A_2,2016-10-23 23:00:00,73.14
1092,A_2,2016-10-23 23:20:00,43.93
1093,A_2,2016-10-24 00:00:00,52.45
1094,A_2,2016-10-24 00:20:00,43.96
1095,A_2,2016-10-24 01:20:00,49.2
1096,A_2,2016-10-24 02:40:00,59.9
1097,A_2,2016-10-24 03:00:00,32.3
1098,A_2,2016-10-24 04:00:00,55.85
1099,A_2,2016-10-24 04:20:00,53.0
1100,A_2,2016-10-24 04:40:00,40.55
1101,A_2,2016-10-24 05:00:00,59.79
1102,A_2,2016-10-24 05:20:00,47.04
1103,A_2,2016-10-24 05:40:00,63.59
1104,A_2,2016-10-24 06:00:00,41.19
1105,A_2,2016-10-24 06:20:00,50.12
1106,A_2,2016-10-24 06:40:00,37.17
1107,A_2,2016-10-24 07:00:00,75.68
1108,A_2,2016-10-24 07:20:00,54.03
1109,A_2,2016-10-24 07:40:00,78.28
1110,A_2,2016-10-24 08:00:00,70.59
1111,A_2,2016-10-24 08:20:00,85.32
1112,A_2,2016-10-24 08:40:00,63.33
1113,A_2,2016-10-24 09:00:00,79.18
1114,A_2,2016-10-24 09:20:00,76.7
1115,A_2,2016-10-24 09:40:00,51.01
1116,A_2,2016-10-24 10:00:00,56.98
1117,A_2,2016-10-24 10:20:00,69.81
1118,A_2,2016-10-24 10:40:00,72.1
1119,A_2,2016-10-24 11:00:00,73.41
1120,A_2,2016-10-24 11:20:00,41.9
1121,A_2,2016-10-24 11:40:00,53.98
1122,A_2,2016-10-24 12:00:00,41.57
1123,A_2,2016-10-24 12:20:00,44.07
1124,A_2,2016-10-24 12:40:00,60.45
1125,A_2,2016-10-24 13:00:00,72.37
1126,A_2,2016-10-24 13:20:00,69.05
1127,A_2,2016-10-24 13:40:00,66.77
1128,A_2,2016-10-24 14:00:00,60.04
1129,A_2,2016-10-24 14:20:00,49.28
1130,A_2,2016-10-24 14:40:00,69.83
1131,A_2,2016-10-24 15:00:00,95.17
1132,A_2,2016-10-24 15:20:00,51.87
1133,A_2,2016-10-24 15:40:00,44.69
1134,A_2,2016-10-24 16:00:00,87.3
1135,A_2,2016-10-24 16:20:00,67.71
1136,A_2,2016-10-24 16:40:00,58.8
1137,A_2,2016-10-24 17:00:00,85.03
1138,A_2,2016-10-24 17:20:00,68.98
1139,A_2,2016-10-24 17:40:00,53.84
1140,A_2,2016-10-24 18:00:00,65.13
1141,A_2,2016-10-24 18:20:00,61.35
1142,A_2,2016-10-24 18:40:00,62.85
1143,A_2,2016-10-24 19:00:00,63.6
1144,A_2,2016-10-24 19:20:00,61.11
1145,A_2,2016-10-24 19:40:00,57.26
1146,A_2,2016-10-24 20:00:00,72.77
1147,A_2,2016-10-24 20:20:00,48.82
1148,A_2,2016-10-24 20:40:00,73.69
1149,A_2,2016-10-24 21:00:00,65.89
1150,A_2,2016-10-24 21:20:00,58.11
1151,A_2,2016-10-24 21:40:00,57.96
1152,A_2,2016-10-24 22:00:00,62.87
1153,A_2,2016-10-24 22:20:00,73.11
1154,A_2,2016-10-24 22:40:00,56.58
1155,A_2,2016-10-24 23:00:00,51.33
1156,A_2,2016-10-24 23:20:00,48.94
1157,A_2,2016-10-24 23:40:00,54.31
1158,A_3,2016-10-18 00:00:00,69.19
1159,A_3,2016-10-18 00:20:00,90.81
1160,A_3,2016-10-18 00:40:00,86.94
1161,A_3,2016-10-18 02:00:00,82.49
1162,A_3,2016-10-18 03:00:00,77.51
1163,A_3,2016-10-18 03:20:00,98.53
1164,A_3,2016-10-18 04:20:00,73.01
1165,A_3,2016-10-18 05:00:00,81.56
1166,A_3,2016-10-18 05:20:00,83.4
1167,A_3,2016-10-18 05:40:00,70.45
1168,A_3,2016-10-18 06:00:00,69.48
1169,A_3,2016-10-18 06:20:00,142.01
1170,A_3,2016-10-18 06:40:00,233.68
1171,A_3,2016-10-18 07:00:00,143.65
1172,A_3,2016-10-18 07:20:00,151.51
1173,A_3,2016-10-18 07:40:00,207.71
1174,A_3,2016-10-18 08:00:00,197.5
1175,A_3,2016-10-18 08:20:00,166.9
1176,A_3,2016-10-18 08:40:00,253.82
1177,A_3,2016-10-18 09:00:00,240.16
1178,A_3,2016-10-18 09:20:00,179.19
1179,A_3,2016-10-18 09:40:00,136.98
1180,A_3,2016-10-18 10:00:00,114.98
1181,A_3,2016-10-18 10:20:00,110.93
1182,A_3,2016-10-18 10:40:00,119.97
1183,A_3,2016-10-18 11:00:00,120.08
1184,A_3,2016-10-18 11:20:00,120.77
1185,A_3,2016-10-18 11:40:00,104.28
1186,A_3,2016-10-18 12:00:00,113.33
1187,A_3,2016-10-18 12:20:00,114.68
1188,A_3,2016-10-18 12:40:00,109.56
1189,A_3,2016-10-18 13:00:00,130.34
1190,A_3,2016-10-18 13:20:00,151.88
1191,A_3,2016-10-18 13:40:00,132.62
1192,A_3,2016-10-18 14:00:00,110.4
1193,A_3,2016-10-18 14:20:00,132.52
1194,A_3,2016-10-18 14:40:00,148.47
1195,A_3,2016-10-18 15:00:00,133.05
1196,A_3,2016-10-18 15:20:00,121.57
1197,A_3,2016-10-18 15:40:00,147.37
1198,A_3,2016-10-18 16:00:00,117.07
1199,A_3,2016-10-18 16:20:00,134.27
1200,A_3,2016-10-18 16:40:00,139.1
1201,A_3,2016-10-18 17:00:00,136.34
1202,A_3,2016-10-18 17:20:00,143.7
1203,A_3,2016-10-18 17:40:00,100.13
1204,A_3,2016-10-18 18:00:00,122.91
1205,A_3,2016-10-18 18:20:00,112.75
1206,A_3,2016-10-18 18:40:00,120.58
1207,A_3,2016-10-18 19:00:00,108.98
1208,A_3,2016-10-18 19:20:00,113.86
1209,A_3,2016-10-18 19:40:00,115.29
1210,A_3,2016-10-18 20:00:00,126.69
1211,A_3,2016-10-18 20:20:00,120.97
1212,A_3,2016-10-18 20:40:00,179.95
1213,A_3,2016-10-18 21:00:00,146.69
1214,A_3,2016-10-18 21:20:00,130.42
1215,A_3,2016-10-18 21:40:00,117.63
1216,A_3,2016-10-18 22:00:00,107.75
1217,A_3,2016-10-18 22:20:00,111.46
1218,A_3,2016-10-18 22:40:00,97.77
1219,A_3,2016-10-18 23:00:00,143.95
1220,A_3,2016-10-18 23:20:00,158.78
1221,A_3,2016-10-18 23:40:00,113.9
1222,A_3,2016-10-19 00:40:00,104.81
1223,A_3,2016-10-19 03:20:00,127.78
1224,A_3,2016-10-19 04:20:00,69.54
1225,A_3,2016-10-19 05:00:00,82.17
1226,A_3,2016-10-19 05:20:00,123.87
1227,A_3,2016-10-19 05:40:00,91.53
1228,A_3,2016-10-19 06:00:00,89.51
1229,A_3,2016-10-19 06:20:00,161.63
1230,A_3,2016-10-19 06:40:00,133.43
1231,A_3,2016-10-19 07:00:00,139.88
1232,A_3,2016-10-19 07:20:00,171.77
1233,A_3,2016-10-19 07:40:00,216.15
1234,A_3,2016-10-19 08:00:00,319.67
1235,A_3,2016-10-19 08:20:00,328.02
1236,A_3,2016-10-19 08:40:00,326.7
1237,A_3,2016-10-19 09:00:00,339.07
1238,A_3,2016-10-19 09:20:00,316.84
1239,A_3,2016-10-19 09:40:00,199.89
1240,A_3,2016-10-19 10:00:00,141.83
1241,A_3,2016-10-19 10:20:00,99.81
1242,A_3,2016-10-19 10:40:00,112.67
1243,A_3,2016-10-19 11:00:00,123.96
1244,A_3,2016-10-19 11:20:00,116.32
1245,A_3,2016-10-19 11:40:00,104.17
1246,A_3,2016-10-19 12:00:00,142.34
1247,A_3,2016-10-19 12:20:00,108.35
1248,A_3,2016-10-19 12:40:00,102.08
1249,A_3,2016-10-19 13:00:00,99.4
1250,A_3,2016-10-19 13:20:00,104.44
1251,A_3,2016-10-19 13:40:00,124.03
1252,A_3,2016-10-19 14:00:00,105.62
1253,A_3,2016-10-19 14:20:00,125.47
1254,A_3,2016-10-19 14:40:00,117.45
1255,A_3,2016-10-19 15:00:00,110.05
1256,A_3,2016-10-19 15:20:00,115.01
1257,A_3,2016-10-19 15:40:00,132.1
1258,A_3,2016-10-19 16:00:00,93.67
1259,A_3,2016-10-19 16:20:00,122.82
1260,A_3,2016-10-19 16:40:00,110.41
1261,A_3,2016-10-19 17:00:00,152.27
1262,A_3,2016-10-19 17:20:00,123.18
1263,A_3,2016-10-19 17:40:00,112.64
1264,A_3,2016-10-19 18:00:00,110.19
1265,A_3,2016-10-19 18:20:00,100.43
1266,A_3,2016-10-19 18:40:00,150.64
1267,A_3,2016-10-19 19:00:00,101.74
1268,A_3,2016-10-19 19:20:00,117.94
1269,A_3,2016-10-19 19:40:00,120.39
1270,A_3,2016-10-19 20:00:00,142.55
1271,A_3,2016-10-19 20:20:00,91.19
1272,A_3,2016-10-19 20:40:00,139.38
1273,A_3,2016-10-19 21:00:00,68.17
1274,A_3,2016-10-19 21:20:00,91.19
1275,A_3,2016-10-19 21:40:00,77.25
1276,A_3,2016-10-19 22:00:00,87.5
1277,A_3,2016-10-19 22:20:00,124.92
1278,A_3,2016-10-19 22:40:00,86.85
1279,A_3,2016-10-19 23:20:00,254.82
1280,A_3,2016-10-19 23:40:00,105.23
1281,A_3,2016-10-20 00:20:00,113.87
1282,A_3,2016-10-20 01:40:00,147.43
1283,A_3,2016-10-20 03:00:00,62.45
1284,A_3,2016-10-20 03:40:00,104.59
1285,A_3,2016-10-20 04:20:00,80.89
1286,A_3,2016-10-20 05:00:00,93.05
1287,A_3,2016-10-20 05:20:00,123.39
1288,A_3,2016-10-20 05:40:00,115.53
1289,A_3,2016-10-20 06:00:00,113.05
1290,A_3,2016-10-20 06:20:00,101.67
1291,A_3,2016-10-20 06:40:00,201.2
1292,A_3,2016-10-20 07:00:00,160.84
1293,A_3,2016-10-20 07:20:00,143.93
1294,A_3,2016-10-20 07:40:00,203.09
1295,A_3,2016-10-20 08:00:00,183.76
1296,A_3,2016-10-20 08:20:00,242.81
1297,A_3,2016-10-20 08:40:00,224.49
1298,A_3,2016-10-20 09:00:00,201.63
1299,A_3,2016-10-20 09:20:00,263.23
1300,A_3,2016-10-20 09:40:00,182.37
1301,A_3,2016-10-20 10:00:00,110.49
1302,A_3,2016-10-20 10:20:00,122.17
1303,A_3,2016-10-20 10:40:00,115.62
1304,A_3,2016-10-20 11:00:00,170.3
1305,A_3,2016-10-20 11:20:00,131.6
1306,A_3,2016-10-20 11:40:00,78.46
1307,A_3,2016-10-20 12:00:00,109.01
1308,A_3,2016-10-20 12:20:00,111.77
1309,A_3,2016-10-20 12:40:00,84.49
1310,A_3,2016-10-20 13:00:00,110.05
1311,A_3,2016-10-20 13:20:00,125.22
1312,A_3,2016-10-20 13:40:00,97.94
1313,A_3,2016-10-20 14:00:00,96.07
1314,A_3,2016-10-20 14:20:00,102.97
1315,A_3,2016-10-20 14:40:00,110.83
1316,A_3,2016-10-20 15:00:00,149.28
1317,A_3,2016-10-20 15:20:00,100.18
1318,A_3,2016-10-20 15:40:00,116.22
1319,A_3,2016-10-20 16:00:00,106.82
1320,A_3,2016-10-20 16:20:00,122.44
1321,A_3,2016-10-20 16:40:00,149.23
1322,A_3,2016-10-20 17:00:00,139.66
1323,A_3,2016-10-20 17:20:00,126.32
1324,A_3,2016-10-20 17:40:00,124.92
1325,A_3,2016-10-20 18:00:00,139.16
1326,A_3,2016-10-20 18:20:00,128.43
1327,A_3,2016-10-20 18:40:00,95.71
1328,A_3,2016-10-20 21:20:00,95.75
1329,A_3,2016-10-20 21:40:00,90.48
1330,A_3,2016-10-20 22:00:00,67.7
1331,A_3,2016-10-20 22:20:00,89.13
1332,A_3,2016-10-20 22:40:00,113.36
1333,A_3,2016-10-20 23:00:00,101.67
1334,A_3,2016-10-20 23:20:00,102.53
1335,A_3,2016-10-21 00:00:00,80.14
1336,A_3,2016-10-21 00:20:00,80.46
1337,A_3,2016-10-21 01:00:00,85.94
1338,A_3,2016-10-21 01:20:00,164.03
1339,A_3,2016-10-21 01:40:00,122.8
1340,A_3,2016-10-21 02:00:00,124.76
1341,A_3,2016-10-21 02:20:00,97.12
1342,A_3,2016-10-21 02:40:00,81.57
1343,A_3,2016-10-21 04:20:00,80.85
1344,A_3,2016-10-21 04:40:00,307.34
1345,A_3,2016-10-21 05:00:00,113.17
1346,A_3,2016-10-21 05:20:00,396.02
1347,A_3,2016-10-21 05:40:00,83.25
1348,A_3,2016-10-21 06:00:00,112.16
1349,A_3,2016-10-21 06:20:00,112.6
1350,A_3,2016-10-21 06:40:00,141.56
1351,A_3,2016-10-21 07:00:00,118.98
1352,A_3,2016-10-21 07:20:00,191.19
1353,A_3,2016-10-21 07:40:00,161.27
1354,A_3,2016-10-21 08:00:00,258.88
1355,A_3,2016-10-21 08:20:00,270.64
1356,A_3,2016-10-21 08:40:00,240.81
1357,A_3,2016-10-21 09:00:00,237.97
1358,A_3,2016-10-21 09:20:00,250.89
1359,A_3,2016-10-21 09:40:00,194.2
1360,A_3,2016-10-21 10:00:00,117.87
1361,A_3,2016-10-21 10:20:00,128.78
1362,A_3,2016-10-21 10:40:00,98.26
1363,A_3,2016-10-21 11:00:00,106.48
1364,A_3,2016-10-21 11:20:00,101.84
1365,A_3,2016-10-21 11:40:00,112.83
1366,A_3,2016-10-21 12:00:00,118.67
1367,A_3,2016-10-21 12:20:00,100.59
1368,A_3,2016-10-21 12:40:00,112.45
1369,A_3,2016-10-21 13:00:00,110.9
1370,A_3,2016-10-21 13:20:00,129.24
1371,A_3,2016-10-21 13:40:00,375.98
1372,A_3,2016-10-21 14:00:00,135.23
1373,A_3,2016-10-21 14:20:00,202.66
1374,A_3,2016-10-21 14:40:00,120.24
1375,A_3,2016-10-21 15:00:00,130.08
1376,A_3,2016-10-21 15:20:00,120.02
1377,A_3,2016-10-21 15:40:00,146.71
1378,A_3,2016-10-21 16:00:00,107.7
1379,A_3,2016-10-21 16:20:00,126.5
1380,A_3,2016-10-21 16:40:00,111.39
1381,A_3,2016-10-21 17:00:00,135.93
1382,A_3,2016-10-21 17:20:00,121.93
1383,A_3,2016-10-21 17:40:00,107.05
1384,A_3,2016-10-21 18:00:00,113.41
1385,A_3,2016-10-21 18:20:00,123.13
1386,A_3,2016-10-21 18:40:00,107.53
1387,A_3,2016-10-21 19:00:00,91.26
1388,A_3,2016-10-21 19:20:00,100.72
1389,A_3,2016-10-21 19:40:00,116.78
1390,A_3,2016-10-21 20:00:00,110.29
1391,A_3,2016-10-21 20:20:00,103.24
1392,A_3,2016-10-21 20:40:00,105.65
1393,A_3,2016-10-21 21:00:00,144.43
1394,A_3,2016-10-21 21:20:00,93.42
1395,A_3,2016-10-21 21:40:00,113.25
1396,A_3,2016-10-21 22:00:00,223.13
1397,A_3,2016-10-21 22:20:00,80.1
1398,A_3,2016-10-21 22:40:00,112.44
1399,A_3,2016-10-21 23:00:00,79.18
1400,A_3,2016-10-21 23:40:00,96.37
1401,A_3,2016-10-22 00:00:00,97.63
1402,A_3,2016-10-22 00:20:00,89.79
1403,A_3,2016-10-22 00:40:00,100.56
1404,A_3,2016-10-22 01:20:00,90.92
1405,A_3,2016-10-22 04:00:00,107.38
1406,A_3,2016-10-22 04:20:00,113.17
1407,A_3,2016-10-22 04:40:00,101.25
1408,A_3,2016-10-22 05:00:00,109.0
1409,A_3,2016-10-22 05:20:00,92.36
1410,A_3,2016-10-22 05:40:00,89.12
1411,A_3,2016-10-22 06:00:00,101.3
1412,A_3,2016-10-22 06:20:00,93.81
1413,A_3,2016-10-22 06:40:00,118.12
1414,A_3,2016-10-22 07:00:00,112.56
1415,A_3,2016-10-22 07:20:00,143.1
1416,A_3,2016-10-22 07:40:00,147.53
1417,A_3,2016-10-22 08:00:00,120.94
1418,A_3,2016-10-22 08:20:00,113.81
1419,A_3,2016-10-22 08:40:00,195.13
1420,A_3,2016-10-22 09:00:00,116.25
1421,A_3,2016-10-22 09:20:00,124.06
1422,A_3,2016-10-22 09:40:00,147.83
1423,A_3,2016-10-22 10:00:00,155.07
1424,A_3,2016-10-22 10:20:00,189.21
1425,A_3,2016-10-22 10:40:00,173.63
1426,A_3,2016-10-22 11:00:00,139.59
1427,A_3,2016-10-22 11:20:00,102.41
1428,A_3,2016-10-22 11:40:00,111.53
1429,A_3,2016-10-22 12:00:00,136.05
1430,A_3,2016-10-22 12:20:00,96.25
1431,A_3,2016-10-22 12:40:00,105.45
1432,A_3,2016-10-22 13:00:00,97.48
1433,A_3,2016-10-22 13:20:00,114.74
1434,A_3,2016-10-22 13:40:00,104.15
1435,A_3,2016-10-22 14:00:00,191.33
1436,A_3,2016-10-22 14:20:00,124.28
1437,A_3,2016-10-22 14:40:00,138.62
1438,A_3,2016-10-22 15:00:00,138.25
1439,A_3,2016-10-22 15:20:00,106.31
1440,A_3,2016-10-22 15:40:00,104.53
1441,A_3,2016-10-22 16:00:00,127.06
1442,A_3,2016-10-22 16:20:00,123.79
1443,A_3,2016-10-22 16:40:00,93.03
1444,A_3,2016-10-22 17:00:00,110.48
1445,A_3,2016-10-22 17:20:00,113.84
1446,A_3,2016-10-22 17:40:00,124.66
1447,A_3,2016-10-22 18:00:00,88.7
1448,A_3,2016-10-22 18:20:00,103.83
1449,A_3,2016-10-22 18:40:00,170.18
1450,A_3,2016-10-22 19:00:00,145.85
1451,A_3,2016-10-22 19:20:00,122.12
1452,A_3,2016-10-22 19:40:00,96.61
1453,A_3,2016-10-22 20:20:00,119.73
1454,A_3,2016-10-22 20:40:00,82.35
1455,A_3,2016-10-22 21:00:00,84.79
1456,A_3,2016-10-22 21:20:00,115.9
1457,A_3,2016-10-22 21:40:00,146.01
1458,A_3,2016-10-22 22:00:00,95.5
1459,A_3,2016-10-22 22:20:00,105.05
1460,A_3,2016-10-22 22:40:00,85.44
1461,A_3,2016-10-22 23:20:00,176.43
1462,A_3,2016-10-22 23:40:00,126.97
1463,A_3,2016-10-23 00:00:00,93.34
1464,A_3,2016-10-23 00:20:00,91.83
1465,A_3,2016-10-23 01:00:00,64.58
1466,A_3,2016-10-23 01:20:00,222.37
1467,A_3,2016-10-23 02:00:00,127.47
1468,A_3,2016-10-23 02:20:00,115.12
1469,A_3,2016-10-23 04:40:00,214.47
1470,A_3,2016-10-23 05:00:00,59.55
1471,A_3,2016-10-23 05:20:00,85.37
1472,A_3,2016-10-23 05:40:00,100.58
1473,A_3,2016-10-23 06:00:00,92.97
1474,A_3,2016-10-23 06:20:00,81.58
1475,A_3,2016-10-23 06:40:00,116.61
1476,A_3,2016-10-23 07:00:00,85.37
1477,A_3,2016-10-23 07:20:00,81.7
1478,A_3,2016-10-23 07:40:00,134.6
1479,A_3,2016-10-23 08:00:00,91.06
1480,A_3,2016-10-23 08:20:00,90.74
1481,A_3,2016-10-23 08:40:00,111.3
1482,A_3,2016-10-23 09:00:00,116.89
1483,A_3,2016-10-23 09:20:00,103.09
1484,A_3,2016-10-23 09:40:00,95.62
1485,A_3,2016-10-23 10:00:00,99.04
1486,A_3,2016-10-23 10:20:00,133.13
1487,A_3,2016-10-23 10:40:00,171.65
1488,A_3,2016-10-23 11:00:00,113.54
1489,A_3,2016-10-23 11:20:00,120.65
1490,A_3,2016-10-23 11:40:00,146.62
1491,A_3,2016-10-23 12:00:00,89.17
1492,A_3,2016-10-23 12:20:00,148.15
1493,A_3,2016-10-23 12:40:00,151.18
1494,A_3,2016-10-23 13:00:00,161.29
1495,A_3,2016-10-23 13:20:00,153.07
1496,A_3,2016-10-23 13:40:00,167.28
1497,A_3,2016-10-23 14:00:00,169.07
1498,A_3,2016-10-23 14:20:00,154.17
1499,A_3,2016-10-23 14:40:00,142.92
1500,A_3,2016-10-23 15:00:00,130.81
1501,A_3,2016-10-23 15:20:00,184.17
1502,A_3,2016-10-23 15:40:00,210.55
1503,A_3,2016-10-23 16:00:00,136.33
1504,A_3,2016-10-23 16:20:00,94.69
1505,A_3,2016-10-23 16:40:00,104.04
1506,A_3,2016-10-23 17:00:00,112.65
1507,A_3,2016-10-23 17:20:00,107.82
1508,A_3,2016-10-23 17:40:00,112.35
1509,A_3,2016-10-23 18:00:00,98.51
1510,A_3,2016-10-23 18:20:00,103.75
1511,A_3,2016-10-23 18:40:00,102.92
1512,A_3,2016-10-23 19:00:00,118.14
1513,A_3,2016-10-23 19:20:00,111.95
1514,A_3,2016-10-23 19:40:00,94.61
1515,A_3,2016-10-23 20:00:00,85.61
1516,A_3,2016-10-23 20:20:00,93.12
1517,A_3,2016-10-23 20:40:00,95.22
1518,A_3,2016-10-23 21:00:00,81.72
1519,A_3,2016-10-23 21:20:00,100.84
1520,A_3,2016-10-23 21:40:00,105.03
1521,A_3,2016-10-23 22:00:00,86.13
1522,A_3,2016-10-23 22:20:00,68.25
1523,A_3,2016-10-23 22:40:00,90.14
1524,A_3,2016-10-23 23:00:00,65.1
1525,A_3,2016-10-23 23:20:00,101.84
1526,A_3,2016-10-23 23:40:00,116.58
1527,A_3,2016-10-24 00:00:00,98.37
1528,A_3,2016-10-24 01:00:00,103.82
1529,A_3,2016-10-24 02:20:00,106.27
1530,A_3,2016-10-24 03:20:00,105.95
1531,A_3,2016-10-24 04:00:00,103.09
1532,A_3,2016-10-24 04:20:00,94.51
1533,A_3,2016-10-24 05:00:00,131.05
1534,A_3,2016-10-24 05:20:00,94.38
1535,A_3,2016-10-24 05:40:00,111.3
1536,A_3,2016-10-24 06:00:00,106.01
1537,A_3,2016-10-24 06:20:00,210.16
1538,A_3,2016-10-24 06:40:00,140.73
1539,A_3,2016-10-24 07:00:00,172.79
1540,A_3,2016-10-24 07:20:00,183.16
1541,A_3,2016-10-24 07:40:00,213.53
1542,A_3,2016-10-24 08:00:00,265.38
1543,A_3,2016-10-24 08:20:00,234.99
1544,A_3,2016-10-24 08:40:00,181.75
1545,A_3,2016-10-24 09:00:00,262.43
1546,A_3,2016-10-24 09:20:00,146.56
1547,A_3,2016-10-24 09:40:00,92.95
1548,A_3,2016-10-24 10:00:00,126.31
1549,A_3,2016-10-24 10:20:00,114.51
1550,A_3,2016-10-24 10:40:00,88.66
1551,A_3,2016-10-24 11:00:00,99.83
1552,A_3,2016-10-24 11:20:00,109.04
1553,A_3,2016-10-24 11:40:00,101.2
1554,A_3,2016-10-24 12:00:00,94.76
1555,A_3,2016-10-24 12:20:00,126.46
1556,A_3,2016-10-24 12:40:00,92.09
1557,A_3,2016-10-24 13:00:00,134.12
1558,A_3,2016-10-24 13:20:00,101.51
1559,A_3,2016-10-24 13:40:00,100.74
1560,A_3,2016-10-24 14:00:00,93.56
1561,A_3,2016-10-24 14:20:00,93.63
1562,A_3,2016-10-24 14:40:00,96.45
1563,A_3,2016-10-24 15:00:00,98.46
1564,A_3,2016-10-24 15:20:00,106.87
1565,A_3,2016-10-24 15:40:00,94.07
1566,A_3,2016-10-24 16:00:00,111.74
1567,A_3,2016-10-24 16:20:00,107.98
1568,A_3,2016-10-24 16:40:00,147.76
1569,A_3,2016-10-24 17:00:00,121.97
1570,A_3,2016-10-24 17:20:00,124.4
1571,A_3,2016-10-24 17:40:00,95.07
1572,A_3,2016-10-24 18:00:00,109.61
1573,A_3,2016-10-24 18:20:00,109.73
1574,A_3,2016-10-24 18:40:00,165.64
1575,A_3,2016-10-24 19:00:00,87.74
1576,A_3,2016-10-24 19:20:00,129.98
1577,A_3,2016-10-24 19:40:00,97.12
1578,A_3,2016-10-24 20:00:00,104.55
1579,A_3,2016-10-24 20:20:00,97.72
1580,A_3,2016-10-24 20:40:00,88.84
1581,A_3,2016-10-24 21:00:00,115.22
1582,A_3,2016-10-24 21:20:00,80.61
1583,A_3,2016-10-24 21:40:00,189.05
1584,A_3,2016-10-24 22:00:00,88.45
1585,A_3,2016-10-24 22:20:00,98.38
1586,A_3,2016-10-24 22:40:00,151.58
1587,A_3,2016-10-24 23:20:00,69.67
1588,A_3,2016-10-24 23:40:00,103.79
1589,C_3,2016-10-18 04:40:00,134.04
1590,C_3,2016-10-18 06:00:00,139.53
1591,C_3,2016-10-18 06:40:00,104.42
1592,C_3,2016-10-18 07:00:00,182.06
1593,C_3,2016-10-18 08:20:00,233.55
1594,C_3,2016-10-18 08:40:00,155.31
1595,C_3,2016-10-18 09:00:00,216.72
1596,C_3,2016-10-18 09:20:00,178.4
1597,C_3,2016-10-18 09:40:00,144.3
1598,C_3,2016-10-18 11:00:00,152.36
1599,C_3,2016-10-18 11:20:00,346.32
1600,C_3,2016-10-18 12:00:00,150.33
1601,C_3,2016-10-18 12:20:00,180.65
1602,C_3,2016-10-18 13:00:00,129.04
1603,C_3,2016-10-18 13:20:00,167.85
1604,C_3,2016-10-18 13:40:00,171.84
1605,C_3,2016-10-18 14:00:00,136.67
1606,C_3,2016-10-18 14:20:00,188.75
1607,C_3,2016-10-18 14:40:00,172.61
1608,C_3,2016-10-18 15:00:00,164.61
1609,C_3,2016-10-18 15:20:00,146.6
1610,C_3,2016-10-18 15:40:00,174.84
1611,C_3,2016-10-18 16:00:00,171.98
1612,C_3,2016-10-18 16:20:00,219.82
1613,C_3,2016-10-18 16:40:00,176.0
1614,C_3,2016-10-18 17:00:00,189.83
1615,C_3,2016-10-18 18:00:00,84.47
1616,C_3,2016-10-18 18:40:00,204.89
1617,C_3,2016-10-18 19:00:00,273.17
1618,C_3,2016-10-18 20:20:00,122.29
1619,C_3,2016-10-18 20:40:00,189.44
1620,C_3,2016-10-18 23:40:00,126.16
1621,C_3,2016-10-19 02:40:00,143.1
1622,C_3,2016-10-19 05:00:00,148.24
1623,C_3,2016-10-19 05:40:00,186.98
1624,C_3,2016-10-19 06:00:00,126.74
1625,C_3,2016-10-19 07:20:00,98.03
1626,C_3,2016-10-19 08:00:00,188.63
1627,C_3,2016-10-19 08:20:00,175.91
1628,C_3,2016-10-19 08:40:00,202.04
1629,C_3,2016-10-19 09:00:00,209.15
1630,C_3,2016-10-19 09:20:00,143.38
1631,C_3,2016-10-19 09:40:00,168.16
1632,C_3,2016-10-19 10:00:00,215.64
1633,C_3,2016-10-19 10:20:00,220.52
1634,C_3,2016-10-19 10:40:00,169.76
1635,C_3,2016-10-19 11:40:00,173.6
1636,C_3,2016-10-19 12:00:00,177.83
1637,C_3,2016-10-19 12:20:00,101.64
1638,C_3,2016-10-19 12:40:00,178.48
1639,C_3,2016-10-19 13:00:00,157.41
1640,C_3,2016-10-19 13:20:00,206.33
1641,C_3,2016-10-19 13:40:00,255.49
1642,C_3,2016-10-19 14:00:00,165.47
1643,C_3,2016-10-19 14:20:00,209.46
1644,C_3,2016-10-19 14:40:00,210.72
1645,C_3,2016-10-19 15:00:00,275.57
1646,C_3,2016-10-19 15:20:00,150.17
1647,C_3,2016-10-19 15:40:00,188.24
1648,C_3,2016-10-19 16:00:00,166.07
1649,C_3,2016-10-19 16:20:00,155.71
1650,C_3,2016-10-19 16:40:00,177.3
1651,C_3,2016-10-19 17:00:00,108.94
1652,C_3,2016-10-19 17:20:00,185.13
1653,C_3,2016-10-19 18:00:00,273.95
1654,C_3,2016-10-19 18:20:00,123.48
1655,C_3,2016-10-19 18:40:00,170.41
1656,C_3,2016-10-19 19:40:00,154.62
1657,C_3,2016-10-19 21:00:00,168.88
1658,C_3,2016-10-19 21:20:00,151.55
1659,C_3,2016-10-19 22:00:00,220.76
1660,C_3,2016-10-20 02:00:00,133.93
1661,C_3,2016-10-20 06:00:00,157.02
1662,C_3,2016-10-20 07:00:00,92.89
1663,C_3,2016-10-20 07:20:00,717.25
1664,C_3,2016-10-20 07:40:00,179.64
1665,C_3,2016-10-20 08:20:00,141.54
1666,C_3,2016-10-20 08:40:00,194.8
1667,C_3,2016-10-20 09:00:00,148.35
1668,C_3,2016-10-20 09:20:00,209.36
1669,C_3,2016-10-20 10:00:00,116.92
1670,C_3,2016-10-20 10:40:00,144.61
1671,C_3,2016-10-20 11:00:00,127.93
1672,C_3,2016-10-20 11:20:00,187.74
1673,C_3,2016-10-20 11:40:00,175.61
1674,C_3,2016-10-20 12:00:00,229.5
1675,C_3,2016-10-20 12:20:00,116.84
1676,C_3,2016-10-20 12:40:00,188.93
1677,C_3,2016-10-20 13:00:00,159.69
1678,C_3,2016-10-20 13:20:00,183.46
1679,C_3,2016-10-20 13:40:00,144.25
1680,C_3,2016-10-20 14:00:00,138.27
1681,C_3,2016-10-20 14:20:00,133.18
1682,C_3,2016-10-20 14:40:00,143.12
1683,C_3,2016-10-20 15:00:00,148.0
1684,C_3,2016-10-20 15:20:00,142.73
1685,C_3,2016-10-20 15:40:00,141.89
1686,C_3,2016-10-20 16:00:00,164.89
1687,C_3,2016-10-20 16:20:00,147.22
1688,C_3,2016-10-20 16:40:00,164.04
1689,C_3,2016-10-20 17:00:00,143.44
1690,C_3,2016-10-20 17:20:00,138.56
1691,C_3,2016-10-20 17:40:00,173.81
1692,C_3,2016-10-20 18:20:00,211.71
1693,C_3,2016-10-20 21:40:00,121.48
1694,C_3,2016-10-21 00:20:00,201.64
1695,C_3,2016-10-21 01:40:00,202.86
1696,C_3,2016-10-21 03:20:00,220.51
1697,C_3,2016-10-21 05:40:00,222.23
1698,C_3,2016-10-21 06:40:00,237.13
1699,C_3,2016-10-21 07:00:00,138.08
1700,C_3,2016-10-21 07:20:00,189.71
1701,C_3,2016-10-21 08:20:00,124.56
1702,C_3,2016-10-21 08:40:00,214.37
1703,C_3,2016-10-21 09:00:00,106.63
1704,C_3,2016-10-21 09:20:00,155.75
1705,C_3,2016-10-21 09:40:00,131.44
1706,C_3,2016-10-21 10:00:00,152.1
1707,C_3,2016-10-21 10:40:00,153.02
1708,C_3,2016-10-21 11:40:00,249.11
1709,C_3,2016-10-21 12:00:00,186.41
1710,C_3,2016-10-21 12:20:00,181.44
1711,C_3,2016-10-21 12:40:00,171.4
1712,C_3,2016-10-21 13:00:00,196.52
1713,C_3,2016-10-21 13:20:00,190.41
1714,C_3,2016-10-21 13:40:00,196.91
1715,C_3,2016-10-21 14:00:00,183.25
1716,C_3,2016-10-21 14:20:00,169.85
1717,C_3,2016-10-21 14:40:00,186.37
1718,C_3,2016-10-21 15:00:00,184.32
1719,C_3,2016-10-21 15:20:00,190.87
1720,C_3,2016-10-21 15:40:00,99.47
1721,C_3,2016-10-21 16:00:00,192.84
1722,C_3,2016-10-21 16:20:00,128.55
1723,C_3,2016-10-21 16:40:00,179.66
1724,C_3,2016-10-21 17:20:00,193.78
1725,C_3,2016-10-21 17:40:00,254.98
1726,C_3,2016-10-21 18:00:00,273.59
1727,C_3,2016-10-21 18:20:00,216.57
1728,C_3,2016-10-21 18:40:00,242.64
1729,C_3,2016-10-21 19:20:00,123.0
1730,C_3,2016-10-21 19:40:00,141.88
1731,C_3,2016-10-21 21:20:00,207.22
1732,C_3,2016-10-21 22:00:00,160.46
1733,C_3,2016-10-22 01:40:00,158.84
1734,C_3,2016-10-22 02:20:00,159.7
1735,C_3,2016-10-22 06:40:00,98.62
1736,C_3,2016-10-22 07:20:00,169.53
1737,C_3,2016-10-22 08:00:00,196.43
1738,C_3,2016-10-22 09:00:00,134.16
1739,C_3,2016-10-22 09:20:00,174.1
1740,C_3,2016-10-22 09:40:00,135.19
1741,C_3,2016-10-22 10:00:00,169.58
1742,C_3,2016-10-22 10:20:00,199.6
1743,C_3,2016-10-22 11:00:00,172.83
1744,C_3,2016-10-22 11:20:00,97.52
1745,C_3,2016-10-22 11:40:00,325.92
1746,C_3,2016-10-22 12:00:00,221.31
1747,C_3,2016-10-22 12:20:00,140.69
1748,C_3,2016-10-22 12:40:00,225.81
1749,C_3,2016-10-22 13:00:00,132.31
1750,C_3,2016-10-22 13:20:00,186.51
1751,C_3,2016-10-22 13:40:00,280.96
1752,C_3,2016-10-22 14:00:00,273.81
1753,C_3,2016-10-22 14:20:00,171.33
1754,C_3,2016-10-22 14:40:00,175.01
1755,C_3,2016-10-22 15:20:00,256.4
1756,C_3,2016-10-22 15:40:00,294.56
1757,C_3,2016-10-22 16:00:00,223.71
1758,C_3,2016-10-22 16:20:00,170.0
1759,C_3,2016-10-22 16:40:00,121.43
1760,C_3,2016-10-22 17:00:00,199.61
1761,C_3,2016-10-22 17:20:00,167.41
1762,C_3,2016-10-22 17:40:00,245.12
1763,C_3,2016-10-22 18:00:00,167.08
1764,C_3,2016-10-22 18:20:00,224.5
1765,C_3,2016-10-22 18:40:00,241.57
1766,C_3,2016-10-22 19:00:00,108.76
1767,C_3,2016-10-22 22:20:00,110.51
1768,C_3,2016-10-23 00:20:00,113.12
1769,C_3,2016-10-23 07:00:00,211.32
1770,C_3,2016-10-23 07:20:00,142.34
1771,C_3,2016-10-23 09:00:00,93.53
1772,C_3,2016-10-23 09:20:00,211.69
1773,C_3,2016-10-23 10:00:00,179.83
1774,C_3,2016-10-23 10:20:00,138.78
1775,C_3,2016-10-23 10:40:00,159.89
1776,C_3,2016-10-23 11:20:00,154.02
1777,C_3,2016-10-23 11:40:00,173.96
1778,C_3,2016-10-23 12:00:00,163.19
1779,C_3,2016-10-23 12:20:00,185.28
1780,C_3,2016-10-23 12:40:00,149.37
1781,C_3,2016-10-23 13:00:00,290.61
1782,C_3,2016-10-23 13:20:00,210.91
1783,C_3,2016-10-23 13:40:00,172.97
1784,C_3,2016-10-23 14:00:00,211.46
1785,C_3,2016-10-23 14:20:00,263.83
1786,C_3,2016-10-23 14:40:00,206.04
1787,C_3,2016-10-23 15:00:00,163.58
1788,C_3,2016-10-23 15:20:00,151.95
1789,C_3,2016-10-23 15:40:00,172.49
1790,C_3,2016-10-23 16:00:00,224.29
1791,C_3,2016-10-23 16:20:00,197.32
1792,C_3,2016-10-23 16:40:00,135.46
1793,C_3,2016-10-23 17:20:00,198.63
1794,C_3,2016-10-23 17:40:00,200.92
1795,C_3,2016-10-23 18:00:00,218.88
1796,C_3,2016-10-23 18:40:00,138.99
1797,C_3,2016-10-23 19:20:00,139.53
1798,C_3,2016-10-23 19:40:00,185.97
1799,C_3,2016-10-23 20:00:00,145.12
1800,C_3,2016-10-23 20:20:00,230.34
1801,C_3,2016-10-23 20:40:00,288.27
1802,C_3,2016-10-23 21:20:00,161.93
1803,C_3,2016-10-24 02:00:00,149.29
1804,C_3,2016-10-24 05:20:00,192.94
1805,C_3,2016-10-24 05:40:00,275.96
1806,C_3,2016-10-24 06:20:00,113.94
1807,C_3,2016-10-24 06:40:00,207.33
1808,C_3,2016-10-24 07:00:00,164.37
1809,C_3,2016-10-24 07:20:00,292.92
1810,C_3,2016-10-24 08:40:00,141.63
1811,C_3,2016-10-24 09:20:00,142.25
1812,C_3,2016-10-24 09:40:00,169.27
1813,C_3,2016-10-24 10:20:00,139.23
1814,C_3,2016-10-24 10:40:00,169.81
1815,C_3,2016-10-24 11:20:00,166.61
1816,C_3,2016-10-24 11:40:00,111.11
1817,C_3,2016-10-24 12:00:00,155.41
1818,C_3,2016-10-24 12:20:00,130.79
1819,C_3,2016-10-24 13:20:00,140.88
1820,C_3,2016-10-24 13:40:00,188.02
1821,C_3,2016-10-24 14:00:00,198.34
1822,C_3,2016-10-24 14:20:00,158.03
1823,C_3,2016-10-24 14:40:00,125.45
1824,C_3,2016-10-24 15:00:00,183.31
1825,C_3,2016-10-24 15:20:00,144.68
1826,C_3,2016-10-24 15:40:00,203.97
1827,C_3,2016-10-24 16:00:00,159.37
1828,C_3,2016-10-24 16:40:00,159.81
1829,C_3,2016-10-24 17:00:00,161.79
1830,C_3,2016-10-24 17:20:00,165.87
1831,C_3,2016-10-24 17:40:00,111.53
1832,C_3,2016-10-24 18:20:00,109.12
1833,C_3,2016-10-24 19:40:00,155.13
1834,C_3,2016-10-24 20:00:00,211.4
1835,C_3,2016-10-24 20:20:00,103.08
1836,C_3,2016-10-24 21:20:00,98.82
1837,B_1,2016-10-18 06:00:00,57.82
1838,B_1,2016-10-18 06:20:00,48.68
1839,B_1,2016-10-18 06:40:00,112.52
1840,B_1,2016-10-18 07:00:00,97.32
1841,B_1,2016-10-18 07:40:00,129.44
1842,B_1,2016-10-18 08:00:00,88.71
1843,B_1,2016-10-18 08:20:00,136.07
1844,B_1,2016-10-18 08:40:00,108.32
1845,B_1,2016-10-18 09:00:00,109.72
1846,B_1,2016-10-18 09:20:00,121.11
1847,B_1,2016-10-18 09:40:00,103.39
1848,B_1,2016-10-18 10:20:00,197.4
1849,B_1,2016-10-18 10:40:00,105.6
1850,B_1,2016-10-18 11:00:00,87.59
1851,B_1,2016-10-18 11:20:00,111.28
1852,B_1,2016-10-18 11:40:00,135.19
1853,B_1,2016-10-18 12:00:00,145.73
1854,B_1,2016-10-18 12:20:00,141.93
1855,B_1,2016-10-18 12:40:00,91.07
1856,B_1,2016-10-18 13:00:00,106.89
1857,B_1,2016-10-18 13:20:00,70.91
1858,B_1,2016-10-18 13:40:00,92.15
1859,B_1,2016-10-18 14:00:00,166.59
1860,B_1,2016-10-18 14:20:00,111.78
1861,B_1,2016-10-18 14:40:00,118.67
1862,B_1,2016-10-18 15:00:00,142.75
1863,B_1,2016-10-18 15:20:00,108.19
1864,B_1,2016-10-18 15:40:00,90.01
1865,B_1,2016-10-18 16:00:00,101.62
1866,B_1,2016-10-18 16:20:00,150.39
1867,B_1,2016-10-18 17:00:00,120.0
1868,B_1,2016-10-18 17:20:00,150.77
1869,B_1,2016-10-18 17:40:00,154.23
1870,B_1,2016-10-18 18:00:00,131.32
1871,B_1,2016-10-18 18:20:00,131.49
1872,B_1,2016-10-18 18:40:00,175.32
1873,B_1,2016-10-18 19:00:00,318.11
1874,B_1,2016-10-18 19:20:00,115.08
1875,B_1,2016-10-18 20:00:00,124.69
1876,B_1,2016-10-18 20:20:00,141.18
1877,B_1,2016-10-18 20:40:00,128.15
1878,B_1,2016-10-18 21:00:00,117.5
1879,B_1,2016-10-18 21:20:00,189.67
1880,B_1,2016-10-18 23:00:00,68.74
1881,B_1,2016-10-18 23:20:00,98.45
1882,B_1,2016-10-19 00:20:00,236.87
1883,B_1,2016-10-19 05:40:00,60.01
1884,B_1,2016-10-19 06:00:00,111.04
1885,B_1,2016-10-19 06:40:00,85.23
1886,B_1,2016-10-19 07:00:00,209.86
1887,B_1,2016-10-19 07:20:00,120.88
1888,B_1,2016-10-19 07:40:00,92.82
1889,B_1,2016-10-19 08:00:00,92.31
1890,B_1,2016-10-19 08:20:00,135.66
1891,B_1,2016-10-19 08:40:00,153.98
1892,B_1,2016-10-19 09:00:00,117.8
1893,B_1,2016-10-19 09:20:00,137.92
1894,B_1,2016-10-19 09:40:00,142.04
1895,B_1,2016-10-19 10:00:00,127.2
1896,B_1,2016-10-19 10:20:00,92.28
1897,B_1,2016-10-19 10:40:00,128.93
1898,B_1,2016-10-19 11:00:00,113.66
1899,B_1,2016-10-19 11:20:00,112.42
1900,B_1,2016-10-19 11:40:00,109.14
1901,B_1,2016-10-19 12:00:00,96.47
1902,B_1,2016-10-19 12:20:00,147.19
1903,B_1,2016-10-19 12:40:00,106.14
1904,B_1,2016-10-19 13:00:00,94.86
1905,B_1,2016-10-19 13:20:00,121.18
1906,B_1,2016-10-19 13:40:00,108.75
1907,B_1,2016-10-19 14:00:00,157.28
1908,B_1,2016-10-19 14:20:00,82.4
1909,B_1,2016-10-19 14:40:00,149.19
1910,B_1,2016-10-19 15:00:00,183.48
1911,B_1,2016-10-19 15:20:00,149.28
1912,B_1,2016-10-19 15:40:00,117.02
1913,B_1,2016-10-19 16:00:00,153.49
1914,B_1,2016-10-19 16:20:00,131.38
1915,B_1,2016-10-19 16:40:00,119.32
1916,B_1,2016-10-19 17:00:00,120.2
1917,B_1,2016-10-19 17:40:00,115.66
1918,B_1,2016-10-19 18:00:00,141.59
1919,B_1,2016-10-19 19:20:00,95.56
1920,B_1,2016-10-19 20:20:00,141.28
1921,B_1,2016-10-19 21:00:00,102.32
1922,B_1,2016-10-19 21:20:00,88.7
1923,B_1,2016-10-19 21:40:00,110.23
1924,B_1,2016-10-19 22:00:00,220.64
1925,B_1,2016-10-19 22:20:00,83.84
1926,B_1,2016-10-19 23:00:00,91.03
1927,B_1,2016-10-19 23:20:00,231.34
1928,B_1,2016-10-19 23:40:00,105.27
1929,B_1,2016-10-20 01:40:00,102.06
1930,B_1,2016-10-20 02:40:00,90.28
1931,B_1,2016-10-20 03:20:00,111.5
1932,B_1,2016-10-20 06:00:00,70.72
1933,B_1,2016-10-20 06:40:00,121.42
1934,B_1,2016-10-20 07:00:00,106.16
1935,B_1,2016-10-20 07:20:00,111.77
1936,B_1,2016-10-20 07:40:00,122.1
1937,B_1,2016-10-20 08:00:00,108.92
1938,B_1,2016-10-20 08:20:00,138.17
1939,B_1,2016-10-20 08:40:00,83.41
1940,B_1,2016-10-20 09:00:00,119.25
1941,B_1,2016-10-20 09:20:00,105.32
1942,B_1,2016-10-20 09:40:00,132.5
1943,B_1,2016-10-20 10:00:00,102.62
1944,B_1,2016-10-20 10:20:00,113.54
1945,B_1,2016-10-20 10:40:00,150.0
1946,B_1,2016-10-20 11:00:00,142.65
1947,B_1,2016-10-20 11:20:00,120.9
1948,B_1,2016-10-20 11:40:00,101.42
1949,B_1,2016-10-20 12:00:00,128.13
1950,B_1,2016-10-20 12:20:00,104.59
1951,B_1,2016-10-20 13:00:00,116.84
1952,B_1,2016-10-20 13:20:00,111.54
1953,B_1,2016-10-20 13:40:00,98.73
1954,B_1,2016-10-20 14:00:00,99.38
1955,B_1,2016-10-20 14:20:00,109.78
1956,B_1,2016-10-20 14:40:00,100.31
1957,B_1,2016-10-20 15:00:00,110.72
1958,B_1,2016-10-20 15:20:00,102.36
1959,B_1,2016-10-20 15:40:00,112.23
1960,B_1,2016-10-20 16:20:00,134.31
1961,B_1,2016-10-20 16:40:00,143.89
1962,B_1,2016-10-20 17:00:00,87.61
1963,B_1,2016-10-20 17:20:00,173.74
1964,B_1,2016-10-20 17:40:00,140.4
1965,B_1,2016-10-20 18:00:00,21.7
1966,B_1,2016-10-20 18:20:00,143.75
1967,B_1,2016-10-20 18:40:00,137.51
1968,B_1,2016-10-20 21:00:00,105.39
1969,B_1,2016-10-20 22:20:00,132.43
1970,B_1,2016-10-20 22:40:00,97.49
1971,B_1,2016-10-20 23:00:00,173.41
1972,B_1,2016-10-20 23:20:00,76.86
1973,B_1,2016-10-20 23:40:00,81.2
1974,B_1,2016-10-21 03:00:00,150.24
1975,B_1,2016-10-21 05:00:00,84.94
1976,B_1,2016-10-21 05:20:00,120.99
1977,B_1,2016-10-21 06:20:00,122.73
1978,B_1,2016-10-21 06:40:00,143.17
1979,B_1,2016-10-21 07:00:00,117.39
1980,B_1,2016-10-21 07:20:00,83.1
1981,B_1,2016-10-21 07:40:00,105.08
1982,B_1,2016-10-21 08:00:00,126.64
1983,B_1,2016-10-21 08:20:00,163.0
1984,B_1,2016-10-21 08:40:00,118.02
1985,B_1,2016-10-21 09:00:00,123.06
1986,B_1,2016-10-21 09:20:00,115.15
1987,B_1,2016-10-21 09:40:00,97.77
1988,B_1,2016-10-21 10:00:00,104.63
1989,B_1,2016-10-21 10:20:00,176.57
1990,B_1,2016-10-21 10:40:00,143.64
1991,B_1,2016-10-21 11:00:00,98.5
1992,B_1,2016-10-21 11:20:00,119.66
1993,B_1,2016-10-21 11:40:00,84.51
1994,B_1,2016-10-21 12:00:00,124.01
1995,B_1,2016-10-21 12:20:00,150.99
1996,B_1,2016-10-21 12:40:00,110.04
1997,B_1,2016-10-21 13:00:00,107.2
1998,B_1,2016-10-21 13:20:00,128.46
1999,B_1,2016-10-21 13:40:00,120.95
2000,B_1,2016-10-21 14:00:00,124.77
2001,B_1,2016-10-21 14:20:00,182.38
2002,B_1,2016-10-21 14:40:00,144.23
2003,B_1,2016-10-21 15:00:00,145.01
2004,B_1,2016-10-21 15:20:00,162.0
2005,B_1,2016-10-21 15:40:00,121.73
2006,B_1,2016-10-21 16:00:00,124.74
2007,B_1,2016-10-21 16:20:00,149.4
2008,B_1,2016-10-21 16:40:00,156.08
2009,B_1,2016-10-21 17:00:00,174.46
2010,B_1,2016-10-21 17:20:00,221.76
2011,B_1,2016-10-21 18:00:00,392.65
2012,B_1,2016-10-21 18:40:00,188.54
2013,B_1,2016-10-21 19:00:00,152.45
2014,B_1,2016-10-21 19:20:00,124.72
2015,B_1,2016-10-21 19:40:00,174.36
2016,B_1,2016-10-21 20:00:00,118.47
2017,B_1,2016-10-21 20:40:00,119.99
2018,B_1,2016-10-21 21:00:00,115.24
2019,B_1,2016-10-21 21:20:00,135.94
2020,B_1,2016-10-21 21:40:00,120.44
2021,B_1,2016-10-21 22:00:00,116.74
2022,B_1,2016-10-21 23:00:00,108.35
2023,B_1,2016-10-22 00:20:00,144.33
2024,B_1,2016-10-22 03:20:00,99.43
2025,B_1,2016-10-22 03:40:00,170.45
2026,B_1,2016-10-22 04:00:00,100.74
2027,B_1,2016-10-22 04:20:00,104.14
2028,B_1,2016-10-22 06:00:00,114.76
2029,B_1,2016-10-22 06:20:00,115.05
2030,B_1,2016-10-22 06:40:00,138.55
2031,B_1,2016-10-22 07:00:00,125.38
2032,B_1,2016-10-22 07:20:00,146.05
2033,B_1,2016-10-22 07:40:00,119.76
2034,B_1,2016-10-22 08:00:00,105.17
2035,B_1,2016-10-22 08:20:00,116.39
2036,B_1,2016-10-22 08:40:00,107.39
2037,B_1,2016-10-22 09:00:00,130.69
2038,B_1,2016-10-22 09:20:00,144.58
2039,B_1,2016-10-22 09:40:00,126.19
2040,B_1,2016-10-22 10:00:00,121.21
2041,B_1,2016-10-22 10:20:00,112.18
2042,B_1,2016-10-22 11:00:00,131.16
2043,B_1,2016-10-22 11:20:00,146.0
2044,B_1,2016-10-22 12:20:00,151.39
2045,B_1,2016-10-22 12:40:00,126.47
2046,B_1,2016-10-22 13:00:00,118.32
2047,B_1,2016-10-22 13:20:00,164.07
2048,B_1,2016-10-22 14:00:00,184.72
2049,B_1,2016-10-22 14:20:00,186.76
2050,B_1,2016-10-22 15:00:00,137.71
2051,B_1,2016-10-22 15:20:00,143.04
2052,B_1,2016-10-22 15:40:00,156.38
2053,B_1,2016-10-22 16:00:00,123.61
2054,B_1,2016-10-22 16:20:00,116.61
2055,B_1,2016-10-22 16:40:00,149.07
2056,B_1,2016-10-22 17:00:00,160.13
2057,B_1,2016-10-22 17:20:00,155.09
2058,B_1,2016-10-22 17:40:00,111.85
2059,B_1,2016-10-22 18:00:00,115.5
2060,B_1,2016-10-22 18:20:00,175.15
2061,B_1,2016-10-22 19:20:00,400.99
2062,B_1,2016-10-22 19:40:00,103.47
2063,B_1,2016-10-22 20:00:00,118.83
2064,B_1,2016-10-22 20:20:00,110.2
2065,B_1,2016-10-22 21:00:00,105.41
2066,B_1,2016-10-22 21:20:00,136.08
2067,B_1,2016-10-22 21:40:00,98.3
2068,B_1,2016-10-22 23:00:00,126.81
2069,B_1,2016-10-22 23:20:00,104.1
2070,B_1,2016-10-23 00:00:00,80.32
2071,B_1,2016-10-23 01:20:00,91.47
2072,B_1,2016-10-23 04:40:00,80.63
2073,B_1,2016-10-23 05:20:00,114.86
2074,B_1,2016-10-23 05:40:00,202.79
2075,B_1,2016-10-23 06:00:00,84.29
2076,B_1,2016-10-23 06:20:00,152.89
2077,B_1,2016-10-23 06:40:00,167.5
2078,B_1,2016-10-23 07:00:00,106.93
2079,B_1,2016-10-23 07:40:00,117.67
2080,B_1,2016-10-23 08:00:00,139.86
2081,B_1,2016-10-23 08:20:00,111.58
2082,B_1,2016-10-23 09:00:00,189.01
2083,B_1,2016-10-23 09:40:00,107.28
2084,B_1,2016-10-23 10:00:00,107.77
2085,B_1,2016-10-23 10:20:00,119.62
2086,B_1,2016-10-23 10:40:00,120.73
2087,B_1,2016-10-23 11:00:00,104.61
2088,B_1,2016-10-23 11:20:00,130.42
2089,B_1,2016-10-23 12:00:00,104.45
2090,B_1,2016-10-23 12:20:00,124.06
2091,B_1,2016-10-23 12:40:00,102.13
2092,B_1,2016-10-23 13:00:00,106.14
2093,B_1,2016-10-23 13:20:00,114.74
2094,B_1,2016-10-23 13:40:00,134.89
2095,B_1,2016-10-23 14:00:00,154.11
2096,B_1,2016-10-23 14:20:00,133.96
2097,B_1,2016-10-23 14:40:00,124.97
2098,B_1,2016-10-23 15:00:00,148.95
2099,B_1,2016-10-23 15:20:00,116.16
2100,B_1,2016-10-23 15:40:00,118.4
2101,B_1,2016-10-23 16:00:00,112.85
2102,B_1,2016-10-23 16:20:00,143.97
2103,B_1,2016-10-23 16:40:00,227.35
2104,B_1,2016-10-23 17:00:00,84.84
2105,B_1,2016-10-23 17:20:00,94.28
2106,B_1,2016-10-23 17:40:00,136.49
2107,B_1,2016-10-23 18:00:00,125.39
2108,B_1,2016-10-23 18:20:00,104.97
2109,B_1,2016-10-23 18:40:00,124.76
2110,B_1,2016-10-23 19:00:00,126.15
2111,B_1,2016-10-23 19:40:00,140.59
2112,B_1,2016-10-23 20:00:00,136.41
2113,B_1,2016-10-23 20:20:00,104.38
2114,B_1,2016-10-23 20:40:00,110.41
2115,B_1,2016-10-23 21:40:00,117.84
2116,B_1,2016-10-23 22:20:00,98.95
2117,B_1,2016-10-23 23:00:00,98.58
2118,B_1,2016-10-23 23:20:00,92.23
2119,B_1,2016-10-24 00:40:00,93.18
2120,B_1,2016-10-24 02:40:00,90.8
2121,B_1,2016-10-24 03:00:00,73.65
2122,B_1,2016-10-24 05:00:00,95.73
2123,B_1,2016-10-24 05:20:00,75.12
2124,B_1,2016-10-24 05:40:00,107.78
2125,B_1,2016-10-24 06:00:00,88.82
2126,B_1,2016-10-24 06:40:00,144.24
2127,B_1,2016-10-24 07:00:00,103.84
2128,B_1,2016-10-24 07:40:00,106.59
2129,B_1,2016-10-24 08:40:00,112.63
2130,B_1,2016-10-24 09:00:00,95.66
2131,B_1,2016-10-24 09:20:00,124.09
2132,B_1,2016-10-24 09:40:00,111.86
2133,B_1,2016-10-24 10:00:00,117.07
2134,B_1,2016-10-24 10:20:00,124.14
2135,B_1,2016-10-24 11:00:00,95.22
2136,B_1,2016-10-24 11:20:00,139.36
2137,B_1,2016-10-24 11:40:00,113.76
2138,B_1,2016-10-24 12:00:00,112.47
2139,B_1,2016-10-24 12:20:00,86.36
2140,B_1,2016-10-24 12:40:00,99.28
2141,B_1,2016-10-24 13:00:00,129.55
2142,B_1,2016-10-24 13:20:00,146.56
2143,B_1,2016-10-24 13:40:00,118.32
2144,B_1,2016-10-24 14:00:00,108.36
2145,B_1,2016-10-24 14:40:00,133.77
2146,B_1,2016-10-24 15:00:00,123.78
2147,B_1,2016-10-24 15:20:00,104.53
2148,B_1,2016-10-24 15:40:00,102.05
2149,B_1,2016-10-24 16:00:00,140.98
2150,B_1,2016-10-24 16:20:00,111.56
2151,B_1,2016-10-24 16:40:00,121.08
2152,B_1,2016-10-24 17:00:00,114.14
2153,B_1,2016-10-24 17:20:00,128.66
2154,B_1,2016-10-24 17:40:00,123.62
2155,B_1,2016-10-24 18:00:00,146.24
2156,B_1,2016-10-24 18:40:00,125.79
2157,B_1,2016-10-24 19:00:00,106.19
2158,B_1,2016-10-24 19:20:00,66.53
2159,B_1,2016-10-24 20:00:00,124.73
2160,B_1,2016-10-24 20:20:00,78.36
2161,B_1,2016-10-24 21:00:00,102.19
2162,B_1,2016-10-24 21:40:00,119.47
2163,B_1,2016-10-24 22:00:00,122.08
2164,B_1,2016-10-24 22:20:00,86.1
2165,B_1,2016-10-24 22:40:00,90.39
2166,B_1,2016-10-24 23:20:00,71.48
2167,B_1,2016-10-24 23:40:00,117.9
